PID,Price
P1,338
P2,304
P3,559
P4,510
P5,360
P6,310
P7,789
P8,713
P9,170
P10,69
P11,963
P12,449
P13,765
P14,50
P15,268
P16,98
P17,743
P18,155
P19,638
P20,371
P21,832
P22,992
P23,248
P24,122
P25,938
P26,404
P27,540
P28,272
P29,337
P30,306
P31,106
P32,770
P33,512
P34,915
P35,698
P36,986
P37,76
P38,888
P39,509
P40,384
P41,97
P42,729
P43,251
P44,758
P45,736
P46,720
P47,947
P48,511
P49,451
P50,612
P51,52
P52,226
P53,427
P54,682
P55,741
P56,595
P57,227
P58,700
P59,548
P60,520
P61,713
P62,823
P63,892
P64,820
P65,771
P66,538
P67,595
P68,553
P69,815
P70,215
P71,801
P72,690
P73,66
P74,844
P75,230
P76,175
P77,119
P78,533
P79,799
P80,672
P81,674
P82,264
P83,713
P84,682
P85,333
P86,378
P87,900
P88,351
P89,331
P90,165
P91,298
P92,930
P93,730
P94,541
P95,670
P96,973
P97,164
P98,963
P99,379
P100,516
P101,794
P102,300
P103,587
P104,377
P105,721
P106,272
P107,961
P108,136
P109,336
P110,662
P111,643
P112,329
P113,125
P114,870
P115,569
P116,371
P117,808
P118,629
P119,662
P120,330
P121,715
P122,91
P123,161
P124,705
P125,439
P126,372
P127,971
P128,381
P129,473
P130,999
P131,740
P132,243
P133,254
P134,861
P135,645
P136,563
P137,824
P138,485
P139,88
P140,757
P141,303
P142,188
P143,431
P144,392
P145,562
P146,864
P147,661
P148,610
P149,316
P150,262
P151,285
P152,306
P153,838
P154,616
P155,366
P156,937
P157,791
P158,490
P159,234
P160,432
P161,661
P162,582
P163,441
P164,370
P165,242
P166,214
P167,305
P168,442
P169,306
P170,608
P171,424
P172,139
P173,440
P174,665
P175,164
P176,143
P177,336
P178,433
P179,804
P180,424
P181,844
P182,555
P183,987
P184,992
P185,627
P186,125
P187,191
P188,758
P189,224
P190,442
P191,327
P192,744
P193,282
P194,230
P195,227
P196,778
P197,956
P198,874
P199,316
P200,557
P201,472
P202,640
P203,550
P204,957
P205,150
P206,906
P207,910
P208,718
P209,732
P210,532
P211,879
P212,295
P213,943
P214,585
P215,444
P216,93
P217,517
P218,971
P219,959
P220,816
P221,754
P222,372
P223,371
P224,972
P225,811
P226,273
P227,111
P228,908
P229,777
P230,306
P231,387
P232,528
P233,125
P234,613
P235,943
P236,59
P237,350
P238,92
P239,340
P240,967
P241,205
P242,664
P243,738
P244,818
P245,810
P246,266
P247,66
P248,118
P249,564
P250,963
P251,274
P252,257
P253,450
P254,688
P255,943
P256,379
P257,724
P258,424
P259,854
P260,391
P261,585
P262,105
P263,880
P264,865
P265,512
P266,109
P267,594
P268,118
P269,272
P270,709
P271,128
P272,389
P273,724
P274,528
P275,856
P276,577
P277,283
P278,734
P279,347
P280,315
P281,87
P282,940
P283,201
P284,481
P285,207
P286,667
P287,710
P288,142
P289,507
P290,586
P291,776
P292,372
P293,816
P294,462
P295,89
P296,840
P297,692
P298,447
P299,941
P300,926
P301,135
P302,445
P303,279
P304,618
P305,595
P306,456
P307,890
P308,472
P309,997
P310,723
P311,70
P312,640
P313,660
P314,79
P315,446
P316,234
P317,405
P318,165
P319,787
P320,128
P321,745
P322,66
P323,872
P324,280
P325,829
P326,539
P327,302
P328,338
P329,445
P330,974
P331,753
P332,577
P333,386
P334,315
P335,554
P336,395
P337,399
P338,605
P339,712
P340,568
P341,82
P342,757
P343,150
P344,604
P345,287
P346,893
P347,544
P348,742
P349,628
P350,620
P351,973
P352,755
P353,763
P354,129
P355,116
P356,965
P357,887
P358,378
P359,960
P360,920
P361,770
P362,297
P363,819
P364,612
P365,121
P366,392
P367,588
P368,716
P369,80
P370,217
P371,839
P372,622
P373,866
P374,500
P375,635
P376,650
P377,269
P378,833
P379,625
P380,90
P381,85
P382,706
P383,574
P384,791
P385,719
P386,776
P387,172
P388,184
P389,646
P390,872
P391,901
P392,378
P393,434
P394,924
P395,372
P396,808
P397,176
P398,977
P399,75
P400,122
P401,906
P402,407
P403,528
P404,845
P405,193
P406,294
P407,324
P408,834
P409,395
P410,850
P411,350
P412,803
P413,407
P414,226
P415,826
P416,655
P417,570
P418,80
P419,66
P420,679
P421,408
P422,690
P423,185
P424,221
P425,111
P426,310
P427,265
P428,66
P429,617
P430,103
P431,375
P432,421
P433,841
P434,51
P435,774
P436,55
P437,887
P438,367
P439,475
P440,831
P441,189
P442,476
P443,758
P444,667
P445,322
P446,626
P447,821
P448,351
P449,982
P450,638
P451,944
P452,969
P453,365
P454,96
P455,300
P456,536
P457,929
P458,896
P459,210
P460,224
P461,295
P462,366
P463,197
P464,315
P465,413
P466,198
P467,459
P468,717
P469,803
P470,370
P471,387
P472,935
P473,468
P474,916
P475,732
P476,432
P477,991
P478,308
P479,142
P480,945
P481,408
P482,755
P483,721
P484,756
P485,351
P486,826
P487,811
P488,392
P489,503
P490,369
P491,150
P492,323
P493,330
P494,127
P495,310
P496,222
P497,98
P498,987
P499,443
P500,803
P501,690
P502,81
P503,811
P504,102
P505,452
P506,855
P507,785
P508,284
P509,811
P510,329
P511,368
P512,832
P513,300
P514,546
P515,470
P516,730
P517,843
P518,427
P519,839
P520,928
P521,356
P522,266
P523,502
P524,164
P525,893
P526,425
P527,436
P528,601
P529,478
P530,141
P531,229
P532,786
P533,496
P534,235
P535,212
P536,561
P537,469
P538,489
P539,308
P540,843
P541,79
P542,515
P543,894
P544,527
P545,129
P546,587
P547,852
P548,507
P549,571
P550,188
P551,307
P552,849
P553,143
P554,923
P555,780
P556,532
P557,122
P558,723
P559,275
P560,987
P561,696
P562,688
P563,290
P564,741
P565,530
P566,358
P567,182
P568,457
P569,447
P570,979
P571,747
P572,789
P573,218
P574,475
P575,349
P576,641
P577,362
P578,943
P579,984
P580,254
P581,142
P582,942
P583,859
P584,827
P585,337
P586,758
P587,235
P588,534
P589,666
P590,812
P591,547
P592,100
P593,230
P594,862
P595,150
P596,795
P597,222
P598,117
P599,271
P600,311
P601,855
P602,750
P603,833
P604,323
P605,533
P606,930
P607,939
P608,223
P609,491
P610,713
P611,708
P612,103
P613,987
P614,361
P615,827
P616,450
P617,239
P618,143
P619,111
P620,764
P621,59
P622,472
P623,611
P624,301
P625,744
P626,983
P627,477
P628,406
P629,438
P630,423
P631,94
P632,356
P633,87
P634,872
P635,183
P636,980
P637,214
P638,714
P639,778
P640,340
P641,935
P642,873
P643,188
P644,738
P645,751
P646,520
P647,323
P648,967
P649,280
P650,816
P651,62
P652,826
P653,854
P654,821
P655,420
P656,477
P657,558
P658,883
P659,362
P660,722
P661,342
P662,835
P663,742
P664,886
P665,740
P666,123
P667,762
P668,472
P669,951
P670,154
P671,426
P672,566
P673,878
P674,332
P675,571
P676,747
P677,328
P678,117
P679,935
P680,408
P681,412
P682,405
P683,118
P684,862
P685,942
P686,460
P687,737
P688,125
P689,594
P690,962
P691,905
P692,781
P693,567
P694,409
P695,630
P696,690
P697,924
P698,689
P699,549
P700,668
P701,196
P702,661
P703,88
P704,320
P705,572
P706,838
P707,342
P708,927
P709,523
P710,597
P711,100
P712,436
P713,907
P714,810
P715,550
P716,390
P717,795
P718,100
P719,858
P720,887
P721,340
P722,811
P723,646
P724,746
P725,80
P726,557
P727,985
P728,298
P729,625
P730,576
P731,414
P732,143
P733,792
P734,647
P735,944
P736,835
P737,52
P738,942
P739,239
P740,666
P741,902
P742,489
P743,287
P744,403
P745,912
P746,762
P747,322
P748,879
P749,751
P750,677
P751,694
P752,321
P753,174
P754,721
P755,174
P756,330
P757,422
P758,279
P759,528
P760,346
P761,496
P762,385
P763,322
P764,402
P765,464
P766,972
P767,865
P768,526
P769,218
P770,329
P771,873
P772,230
P773,483
P774,96
P775,500
P776,845
P777,698
P778,453
P779,502
P780,171
P781,380
P782,64
P783,577
P784,653
P785,954
P786,440
P787,767
P788,50
P789,852
P790,158
P791,735
P792,370
P793,584
P794,809
P795,260
P796,648
P797,720
P798,216
P799,764
P800,337
P801,507
P802,466
P803,485
P804,659
P805,869
P806,889
P807,677
P808,454
P809,785
P810,560
P811,813
P812,350
P813,966
P814,55
P815,102
P816,376
P817,941
P818,172
P819,209
P820,737
P821,698
P822,470
P823,862
P824,753
P825,858
P826,500
P827,673
P828,189
P829,665
P830,573
P831,493
P832,58
P833,582
P834,361
P835,301
P836,858
P837,315
P838,243
P839,662
P840,98
P841,552
P842,293
P843,287
P844,341
P845,577
P846,108
P847,882
P848,224
P849,881
P850,509
P851,223
P852,159
P853,229
P854,298
P855,239
P856,560
P857,413
P858,499
P859,799
P860,867
P861,407
P862,512
P863,128
P864,634
P865,301
P866,223
P867,288
P868,223
P869,383
P870,157
P871,814
P872,221
P873,253
P874,97
P875,210
P876,827
P877,136
P878,605
P879,1000
P880,938
P881,146
P882,830
P883,190
P884,877
P885,941
P886,996
P887,617
P888,419
P889,391
P890,110
P891,833
P892,925
P893,613
P894,591
P895,114
P896,373
P897,694
P898,385
P899,190
P900,402
P901,362
P902,821
P903,95
P904,324
P905,963
P906,658
P907,743
P908,802
P909,508
P910,199
P911,752
P912,734
P913,327
P914,950
P915,458
P916,382
P917,341
P918,164
P919,987
P920,431
P921,313
P922,545
P923,108
P924,848
P925,803
P926,641
P927,177
P928,191
P929,496
P930,280
P931,339
P932,852
P933,867
P934,385
P935,452
P936,531
P937,51
P938,534
P939,995
P940,355
P941,543
P942,865
P943,752
P944,887
P945,395
P946,897
P947,527
P948,678
P949,371
P950,470
P951,798
P952,202
P953,435
P954,753
P955,725
P956,407
P957,845
P958,617
P959,445
P960,547
P961,421
P962,81
P963,151
P964,694
P965,706
P966,93
P967,770
P968,819
P969,905
P970,961
P971,805
P972,538
P973,340
P974,851
P975,763
P976,715
P977,152
P978,923
P979,734
P980,386
P981,738
P982,424
P983,287
P984,716
P985,133
P986,462
P987,97
P988,927
P989,398
P990,776
P991,634
P992,257
P993,414
P994,531
P995,428
P996,784
P997,354
P998,216
P999,390
P1000,84
P1001,267
P1002,659
P1003,527
P1004,624
P1005,275
P1006,404
P1007,729
P1008,342
P1009,303
P1010,222
P1011,195
P1012,822
P1013,904
P1014,204
P1015,821
P1016,575
P1017,728
P1018,993
P1019,532
P1020,808
P1021,398
P1022,816
P1023,294
P1024,640
P1025,588
P1026,759
P1027,919
P1028,345
P1029,747
P1030,450
P1031,257
P1032,497
P1033,450
P1034,546
P1035,647
P1036,805
P1037,644
P1038,259
P1039,80
P1040,235
P1041,375
P1042,376
P1043,878
P1044,849
P1045,119
P1046,580
P1047,143
P1048,176
P1049,582
P1050,120
P1051,68
P1052,65
P1053,527
P1054,718
P1055,507
P1056,478
P1057,848
P1058,904
P1059,589
P1060,523
P1061,298
P1062,977
P1063,672
P1064,837
P1065,740
P1066,728
P1067,116
P1068,166
P1069,248
P1070,341
P1071,616
P1072,290
P1073,417
P1074,361
P1075,182
P1076,671
P1077,971
P1078,775
P1079,577
P1080,463
P1081,675
P1082,492
P1083,738
P1084,333
P1085,141
P1086,587
P1087,899
P1088,234
P1089,222
P1090,799
P1091,162
P1092,328
P1093,913
P1094,412
P1095,276
P1096,535
P1097,187
P1098,347
P1099,954
P1100,267
P1101,558
P1102,287
P1103,949
P1104,403
P1105,844
P1106,292
P1107,487
P1108,404
P1109,140
P1110,906
P1111,236
P1112,687
P1113,585
P1114,205
P1115,628
P1116,696
P1117,259
P1118,986
P1119,948
P1120,537
P1121,880
P1122,489
P1123,84
P1124,235
P1125,482
P1126,907
P1127,653
P1128,356
P1129,395
P1130,192
P1131,794
P1132,220
P1133,133
P1134,189
P1135,174
P1136,170
P1137,959
P1138,138
P1139,128
P1140,526
P1141,340
P1142,313
P1143,249
P1144,146
P1145,187
P1146,179
P1147,960
P1148,775
P1149,203
P1150,799
P1151,433
P1152,714
P1153,751
P1154,450
P1155,852
P1156,670
P1157,653
P1158,423
P1159,555
P1160,154
P1161,558
P1162,972
P1163,727
P1164,460
P1165,810
P1166,220
P1167,435
P1168,857
P1169,394
P1170,608
P1171,73
P1172,678
P1173,652
P1174,487
P1175,158
P1176,468
P1177,647
P1178,118
P1179,736
P1180,154
P1181,407
P1182,423
P1183,474
P1184,600
P1185,310
P1186,676
P1187,848
P1188,119
P1189,733
P1190,563
P1191,409
P1192,482
P1193,804
P1194,847
P1195,692
P1196,724
P1197,754
P1198,513
P1199,431
P1200,222
P1201,483
P1202,605
P1203,85
P1204,218
P1205,473
P1206,336
P1207,188
P1208,557
P1209,861
P1210,79
P1211,311
P1212,617
P1213,598
P1214,629
P1215,792
P1216,805
P1217,976
P1218,823
P1219,916
P1220,792
P1221,614
P1222,298
P1223,136
P1224,863
P1225,263
P1226,61
P1227,628
P1228,874
P1229,325
P1230,799
P1231,702
P1232,902
P1233,329
P1234,610
P1235,296
P1236,653
P1237,78
P1238,436
P1239,63
P1240,334
P1241,316
P1242,971
P1243,227
P1244,780
P1245,404
P1246,447
P1247,856
P1248,608
P1249,862
P1250,642
P1251,91
P1252,387
P1253,862
P1254,902
P1255,711
P1256,652
P1257,470
P1258,407
P1259,249
P1260,803
P1261,420
P1262,725
P1263,523
P1264,492
P1265,372
P1266,138
P1267,518
P1268,520
P1269,308
P1270,938
P1271,751
P1272,589
P1273,310
P1274,119
P1275,604
P1276,641
P1277,98
P1278,71
P1279,262
P1280,835
P1281,621
P1282,74
P1283,378
P1284,686
P1285,116
P1286,585
P1287,341
P1288,225
P1289,290
P1290,399
P1291,534
P1292,755
P1293,358
P1294,553
P1295,428
P1296,932
P1297,224
P1298,145
P1299,873
P1300,407
P1301,358
P1302,552
P1303,182
P1304,761
P1305,261
P1306,129
P1307,791
P1308,880
P1309,940
P1310,305
P1311,155
P1312,488
P1313,753
P1314,214
P1315,609
P1316,969
P1317,475
P1318,529
P1319,148
P1320,323
P1321,676
P1322,688
P1323,831
P1324,76
P1325,253
P1326,450
P1327,223
P1328,295
P1329,505
P1330,103
P1331,131
P1332,261
P1333,811
P1334,896
P1335,148
P1336,416
P1337,673
P1338,682
P1339,209
P1340,403
P1341,430
P1342,839
P1343,194
P1344,108
P1345,315
P1346,296
P1347,829
P1348,192
P1349,840
P1350,82
P1351,748
P1352,113
P1353,296
P1354,900
P1355,218
P1356,563
P1357,79
P1358,856
P1359,848
P1360,206
P1361,989
P1362,677
P1363,927
P1364,129
P1365,361
P1366,413
P1367,777
P1368,588
P1369,172
P1370,809
P1371,409
P1372,917
P1373,407
P1374,922
P1375,531
P1376,918
P1377,774
P1378,283
P1379,397
P1380,262
P1381,567
P1382,797
P1383,893
P1384,493
P1385,876
P1386,647
P1387,180
P1388,620
P1389,740
P1390,852
P1391,769
P1392,645
P1393,240
P1394,732
P1395,494
P1396,68
P1397,335
P1398,571
P1399,900
P1400,107
P1401,816
P1402,701
P1403,163
P1404,412
P1405,94
P1406,886
P1407,350
P1408,600
P1409,716
P1410,416
P1411,994
P1412,243
P1413,712
P1414,630
P1415,319
P1416,702
P1417,619
P1418,146
P1419,790
P1420,394
P1421,576
P1422,556
P1423,408
P1424,823
P1425,564
P1426,460
P1427,253
P1428,778
P1429,202
P1430,974
P1431,66
P1432,126
P1433,868
P1434,755
P1435,676
P1436,409
P1437,807
P1438,858
P1439,752
P1440,890
P1441,622
P1442,713
P1443,825
P1444,758
P1445,523
P1446,214
P1447,756
P1448,632
P1449,984
P1450,639
P1451,611
P1452,62
P1453,768
P1454,636
P1455,188
P1456,234
P1457,322
P1458,639
P1459,732
P1460,659
P1461,237
P1462,972
P1463,511
P1464,134
P1465,549
P1466,757
P1467,838
P1468,724
P1469,597
P1470,474
P1471,692
P1472,391
P1473,617
P1474,937
P1475,469
P1476,599
P1477,419
P1478,452
P1479,813
P1480,204
P1481,376
P1482,940
P1483,463
P1484,921
P1485,516
P1486,259
P1487,111
P1488,136
P1489,668
P1490,767
P1491,883
P1492,513
P1493,104
P1494,807
P1495,618
P1496,907
P1497,373
P1498,831
P1499,599
P1500,73
P1501,949
P1502,403
P1503,792
P1504,273
P1505,789
P1506,831
P1507,393
P1508,777
P1509,505
P1510,721
P1511,152
P1512,860
P1513,716
P1514,127
P1515,580
P1516,52
P1517,472
P1518,375
P1519,788
P1520,146
P1521,336
P1522,207
P1523,457
P1524,707
P1525,180
P1526,719
P1527,916
P1528,772
P1529,473
P1530,744
P1531,55
P1532,547
P1533,258
P1534,134
P1535,368
P1536,325
P1537,246
P1538,842
P1539,73
P1540,372
P1541,773
P1542,780
P1543,838
P1544,689
P1545,639
P1546,366
P1547,150
P1548,745
P1549,697
P1550,829
P1551,636
P1552,687
P1553,984
P1554,59
P1555,803
P1556,99
P1557,185
P1558,76
P1559,209
P1560,678
P1561,125
P1562,318
P1563,441
P1564,525
P1565,953
P1566,151
P1567,348
P1568,567
P1569,432
P1570,767
P1571,750
P1572,525
P1573,782
P1574,50
P1575,115
P1576,93
P1577,115
P1578,971
P1579,317
P1580,59
P1581,150
P1582,651
P1583,564
P1584,119
P1585,303
P1586,379
P1587,657
P1588,847
P1589,949
P1590,948
P1591,347
P1592,280
P1593,851
P1594,856
P1595,209
P1596,879
P1597,850
P1598,797
P1599,615
P1600,152
P1601,798
P1602,754
P1603,980
P1604,493
P1605,520
P1606,740
P1607,659
P1608,375
P1609,926
P1610,68
P1611,439
P1612,318
P1613,862
P1614,109
P1615,798
P1616,439
P1617,758
P1618,501
P1619,945
P1620,503
P1621,764
P1622,586
P1623,521
P1624,599
P1625,607
P1626,180
P1627,723
P1628,637
P1629,539
P1630,197
P1631,884
P1632,953
P1633,726
P1634,941
P1635,183
P1636,260
P1637,671
P1638,752
P1639,732
P1640,690
P1641,491
P1642,445
P1643,682
P1644,643
P1645,241
P1646,532
P1647,151
P1648,746
P1649,247
P1650,59
P1651,174
P1652,599
P1653,316
P1654,786
P1655,949
P1656,258
P1657,271
P1658,142
P1659,227
P1660,740
P1661,194
P1662,445
P1663,191
P1664,890
P1665,398
P1666,986
P1667,759
P1668,546
P1669,183
P1670,145
P1671,664
P1672,772
P1673,803
P1674,131
P1675,756
P1676,197
P1677,297
P1678,426
P1679,258
P1680,393
P1681,351
P1682,787
P1683,446
P1684,223
P1685,743
P1686,991
P1687,389
P1688,409
P1689,360
P1690,120
P1691,726
P1692,692
P1693,187
P1694,652
P1695,195
P1696,787
P1697,727
P1698,286
P1699,314
P1700,282
P1701,977
P1702,90
P1703,283
P1704,650
P1705,694
P1706,602
P1707,302
P1708,780
P1709,805
P1710,663
P1711,589
P1712,356
P1713,476
P1714,301
P1715,576
P1716,180
P1717,853
P1718,497
P1719,73
P1720,604
P1721,447
P1722,826
P1723,174
P1724,391
P1725,853
P1726,810
P1727,186
P1728,746
P1729,356
P1730,530
P1731,51
P1732,643
P1733,272
P1734,784
P1735,369
P1736,225
P1737,220
P1738,813
P1739,792
P1740,850
P1741,461
P1742,785
P1743,855
P1744,431
P1745,433
P1746,664
P1747,895
P1748,788
P1749,660
P1750,106
P1751,892
P1752,322
P1753,468
P1754,555
P1755,507
P1756,898
P1757,120
P1758,261
P1759,341
P1760,502
P1761,407
P1762,68
P1763,495
P1764,105
P1765,502
P1766,362
P1767,544
P1768,725
P1769,74
P1770,81
P1771,65
P1772,63
P1773,109
P1774,877
P1775,350
P1776,251
P1777,594
P1778,61
P1779,984
P1780,438
P1781,841
P1782,533
P1783,447
P1784,705
P1785,504
P1786,788
P1787,277
P1788,445
P1789,297
P1790,686
P1791,453
P1792,748
P1793,596
P1794,252
P1795,337
P1796,192
P1797,585
P1798,243
P1799,871
P1800,163
P1801,799
P1802,284
P1803,404
P1804,657
P1805,799
P1806,469
P1807,888
P1808,889
P1809,187
P1810,764
P1811,389
P1812,353
P1813,931
P1814,275
P1815,82
P1816,406
P1817,674
P1818,101
P1819,97
P1820,997
P1821,359
P1822,646
P1823,813
P1824,485
P1825,280
P1826,572
P1827,162
P1828,527
P1829,760
P1830,163
P1831,183
P1832,96
P1833,417
P1834,437
P1835,684
P1836,812
P1837,403
P1838,578
P1839,553
P1840,508
P1841,756
P1842,898
P1843,776
P1844,877
P1845,252
P1846,446
P1847,580
P1848,543
P1849,561
P1850,334
P1851,972
P1852,469
P1853,352
P1854,409
P1855,636
P1856,426
P1857,753
P1858,726
P1859,152
P1860,990
P1861,911
P1862,804
P1863,695
P1864,286
P1865,750
P1866,59
P1867,373
P1868,804
P1869,968
P1870,582
P1871,753
P1872,946
P1873,148
P1874,99
P1875,957
P1876,918
P1877,797
P1878,706
P1879,123
P1880,251
P1881,685
P1882,81
P1883,65
P1884,906
P1885,377
P1886,814
P1887,849
P1888,76
P1889,275
P1890,798
P1891,902
P1892,816
P1893,283
P1894,616
P1895,736
P1896,959
P1897,518
P1898,913
P1899,839
P1900,332
P1901,283
P1902,961
P1903,469
P1904,586
P1905,582
P1906,188
P1907,460
P1908,751
P1909,429
P1910,612
P1911,570
P1912,271
P1913,458
P1914,177
P1915,395
P1916,800
P1917,767
P1918,539
P1919,251
P1920,940
P1921,956
P1922,81
P1923,402
P1924,811
P1925,396
P1926,454
P1927,337
P1928,605
P1929,368
P1930,797
P1931,326
P1932,85
P1933,569
P1934,916
P1935,380
P1936,796
P1937,419
P1938,877
P1939,879
P1940,811
P1941,523
P1942,966
P1943,460
P1944,60
P1945,359
P1946,642
P1947,321
P1948,952
P1949,921
P1950,317
P1951,881
P1952,612
P1953,470
P1954,294
P1955,389
P1956,290
P1957,545
P1958,715
P1959,207
P1960,986
P1961,262
P1962,297
P1963,650
P1964,351
P1965,268
P1966,995
P1967,950
P1968,348
P1969,58
P1970,53
P1971,671
P1972,436
P1973,746
P1974,199
P1975,106
P1976,216
P1977,889
P1978,213
P1979,635
P1980,64
P1981,746
P1982,466
P1983,255
P1984,543
P1985,896
P1986,436
P1987,700
P1988,745
P1989,302
P1990,520
P1991,960
P1992,93
P1993,384
P1994,146
P1995,665
P1996,698
P1997,98
P1998,629
P1999,398
P2000,186
P2001,817
P2002,173
P2003,672
P2004,953
P2005,948
P2006,977
P2007,516
P2008,803
P2009,572
P2010,284
P2011,840
P2012,226
P2013,107
P2014,575
P2015,502
P2016,797
P2017,732
P2018,915
P2019,290
P2020,927
P2021,768
P2022,694
P2023,54
P2024,266
P2025,943
P2026,189
P2027,116
P2028,487
P2029,457
P2030,496
P2031,545
P2032,251
P2033,578
P2034,953
P2035,801
P2036,217
P2037,92
P2038,1000
P2039,290
P2040,956
P2041,927
P2042,842
P2043,609
P2044,119
P2045,820
P2046,604
P2047,698
P2048,211
P2049,724
P2050,296
P2051,304
P2052,599
P2053,186
P2054,466
P2055,956
P2056,257
P2057,636
P2058,521
P2059,542
P2060,514
P2061,996
P2062,930
P2063,836
P2064,346
P2065,191
P2066,135
P2067,204
P2068,199
P2069,206
P2070,691
P2071,206
P2072,520
P2073,779
P2074,357
P2075,601
P2076,993
P2077,126
P2078,273
P2079,758
P2080,860
P2081,354
P2082,57
P2083,920
P2084,231
P2085,875
P2086,159
P2087,336
P2088,239
P2089,446
P2090,669
P2091,306
P2092,111
P2093,584
P2094,492
P2095,909
P2096,123
P2097,632
P2098,126
P2099,71
P2100,986
P2101,575
P2102,912
P2103,795
P2104,294
P2105,210
P2106,132
P2107,267
P2108,244
P2109,314
P2110,166
P2111,908
P2112,681
P2113,860
P2114,560
P2115,770
P2116,731
P2117,341
P2118,721
P2119,808
P2120,840
P2121,436
P2122,648
P2123,742
P2124,357
P2125,136
P2126,995
P2127,745
P2128,342
P2129,586
P2130,970
P2131,351
P2132,293
P2133,148
P2134,132
P2135,741
P2136,489
P2137,755
P2138,542
P2139,773
P2140,856
P2141,834
P2142,689
P2143,476
P2144,871
P2145,247
P2146,490
P2147,735
P2148,104
P2149,698
P2150,330
P2151,502
P2152,981
P2153,870
P2154,273
P2155,444
P2156,677
P2157,355
P2158,207
P2159,589
P2160,856
P2161,163
P2162,826
P2163,990
P2164,695
P2165,118
P2166,668
P2167,894
P2168,722
P2169,451
P2170,728
P2171,144
P2172,889
P2173,602
P2174,809
P2175,911
P2176,302
P2177,329
P2178,222
P2179,346
P2180,642
P2181,556
P2182,649
P2183,565
P2184,538
P2185,515
P2186,104
P2187,507
P2188,731
P2189,267
P2190,304
P2191,374
P2192,76
P2193,352
P2194,938
P2195,954
P2196,392
P2197,209
P2198,159
P2199,871
P2200,862
P2201,360
P2202,157
P2203,593
P2204,755
P2205,385
P2206,915
P2207,393
P2208,932
P2209,407
P2210,921
P2211,551
P2212,601
P2213,95
P2214,611
P2215,267
P2216,906
P2217,459
P2218,683
P2219,834
P2220,912
P2221,134
P2222,351
P2223,772
P2224,428
P2225,644
P2226,712
P2227,698
P2228,756
P2229,79
P2230,909
P2231,336
P2232,620
P2233,371
P2234,946
P2235,845
P2236,626
P2237,59
P2238,677
P2239,592
P2240,349
P2241,997
P2242,677
P2243,230
P2244,354
P2245,824
P2246,981
P2247,464
P2248,736
P2249,640
P2250,644
P2251,440
P2252,629
P2253,120
P2254,178
P2255,632
P2256,801
P2257,486
P2258,216
P2259,868
P2260,295
P2261,884
P2262,66
P2263,940
P2264,474
P2265,479
P2266,613
P2267,389
P2268,302
P2269,301
P2270,140
P2271,510
P2272,52
P2273,115
P2274,476
P2275,307
P2276,641
P2277,910
P2278,271
P2279,283
P2280,945
P2281,470
P2282,716
P2283,380
P2284,856
P2285,931
P2286,707
P2287,347
P2288,472
P2289,422
P2290,442
P2291,521
P2292,805
P2293,56
P2294,718
P2295,694
P2296,574
P2297,557
P2298,423
P2299,73
P2300,792
P2301,501
P2302,303
P2303,673
P2304,518
P2305,908
P2306,367
P2307,258
P2308,730
P2309,176
P2310,678
P2311,735
P2312,834
P2313,738
P2314,541
P2315,793
P2316,448
P2317,213
P2318,149
P2319,851
P2320,503
P2321,680
P2322,634
P2323,413
P2324,848
P2325,294
P2326,435
P2327,517
P2328,134
P2329,627
P2330,511
P2331,698
P2332,199
P2333,881
P2334,736
P2335,240
P2336,483
P2337,797
P2338,274
P2339,189
P2340,113
P2341,77
P2342,393
P2343,756
P2344,981
P2345,254
P2346,282
P2347,330
P2348,409
P2349,319
P2350,990
P2351,946
P2352,139
P2353,882
P2354,571
P2355,465
P2356,367
P2357,323
P2358,965
P2359,593
P2360,163
P2361,518
P2362,362
P2363,317
P2364,885
P2365,684
P2366,527
P2367,931
P2368,123
P2369,664
P2370,928
P2371,162
P2372,356
P2373,417
P2374,150
P2375,452
P2376,219
P2377,575
P2378,948
P2379,955
P2380,959
P2381,985
P2382,933
P2383,743
P2384,695
P2385,413
P2386,174
P2387,745
P2388,889
P2389,933
P2390,786
P2391,426
P2392,122
P2393,398
P2394,64
P2395,989
P2396,392
P2397,683
P2398,467
P2399,1000
P2400,962
P2401,622
P2402,525
P2403,620
P2404,715
P2405,747
P2406,164
P2407,67
P2408,147
P2409,336
P2410,651
P2411,761
P2412,816
P2413,838
P2414,956
P2415,325
P2416,663
P2417,362
P2418,722
P2419,162
P2420,841
P2421,420
P2422,549
P2423,660
P2424,86
P2425,221
P2426,947
P2427,864
P2428,128
P2429,704
P2430,528
P2431,990
P2432,584
P2433,807
P2434,318
P2435,925
P2436,270
P2437,354
P2438,168
P2439,849
P2440,781
P2441,256
P2442,532
P2443,910
P2444,96
P2445,733
P2446,89
P2447,76
P2448,184
P2449,714
P2450,849
P2451,927
P2452,160
P2453,83
P2454,339
P2455,710
P2456,81
P2457,662
P2458,417
P2459,318
P2460,345
P2461,437
P2462,992
P2463,378
P2464,221
P2465,202
P2466,597
P2467,925
P2468,230
P2469,971
P2470,327
P2471,617
P2472,234
P2473,490
P2474,60
P2475,362
P2476,939
P2477,935
P2478,990
P2479,976
P2480,531
P2481,370
P2482,684
P2483,300
P2484,548
P2485,170
P2486,188
P2487,389
P2488,252
P2489,642
P2490,829
P2491,149
P2492,589
P2493,500
P2494,335
P2495,360
P2496,884
P2497,231
P2498,677
P2499,767
P2500,434
P2501,967
P2502,255
P2503,249
P2504,878
P2505,223
P2506,807
P2507,222
P2508,990
P2509,703
P2510,683
P2511,879
P2512,960
P2513,427
P2514,104
P2515,350
P2516,302
P2517,734
P2518,688
P2519,441
P2520,822
P2521,566
P2522,634
P2523,612
P2524,545
P2525,285
P2526,641
P2527,140
P2528,720
P2529,295
P2530,248
P2531,74
P2532,843
P2533,372
P2534,501
P2535,714
P2536,467
P2537,579
P2538,558
P2539,669
P2540,402
P2541,59
P2542,735
P2543,326
P2544,956
P2545,789
P2546,247
P2547,207
P2548,818
P2549,858
P2550,994
P2551,945
P2552,880
P2553,608
P2554,979
P2555,135
P2556,741
P2557,637
P2558,700
P2559,229
P2560,253
P2561,483
P2562,968
P2563,393
P2564,804
P2565,83
P2566,959
P2567,857
P2568,304
P2569,687
P2570,724
P2571,605
P2572,328
P2573,938
P2574,429
P2575,129
P2576,702
P2577,921
P2578,574
P2579,879
P2580,633
P2581,547
P2582,474
P2583,525
P2584,523
P2585,536
P2586,619
P2587,954
P2588,783
P2589,174
P2590,688
P2591,686
P2592,615
P2593,749
P2594,135
P2595,748
P2596,805
P2597,995
P2598,179
P2599,186
P2600,660
P2601,537
P2602,738
P2603,319
P2604,865
P2605,970
P2606,282
P2607,994
P2608,160
P2609,520
P2610,955
P2611,971
P2612,743
P2613,274
P2614,148
P2615,813
P2616,394
P2617,870
P2618,706
P2619,957
P2620,342
P2621,813
P2622,844
P2623,500
P2624,496
P2625,723
P2626,706
P2627,344
P2628,955
P2629,362
P2630,391
P2631,688
P2632,346
P2633,353
P2634,285
P2635,107
P2636,670
P2637,875
P2638,276
P2639,922
P2640,888
P2641,94
P2642,953
P2643,619
P2644,505
P2645,950
P2646,720
P2647,939
P2648,851
P2649,175
P2650,582
P2651,499
P2652,239
P2653,678
P2654,473
P2655,597
P2656,447
P2657,308
P2658,282
P2659,207
P2660,451
P2661,475
P2662,673
P2663,557
P2664,234
P2665,474
P2666,247
P2667,97
P2668,877
P2669,664
P2670,941
P2671,464
P2672,513
P2673,937
P2674,450
P2675,623
P2676,66
P2677,212
P2678,787
P2679,912
P2680,771
P2681,837
P2682,695
P2683,902
P2684,440
P2685,345
P2686,960
P2687,669
P2688,972
P2689,832
P2690,378
P2691,950
P2692,723
P2693,327
P2694,167
P2695,192
P2696,734
P2697,741
P2698,452
P2699,578
P2700,280
P2701,86
P2702,347
P2703,268
P2704,966
P2705,560
P2706,68
P2707,566
P2708,767
P2709,212
P2710,796
P2711,299
P2712,94
P2713,95
P2714,919
P2715,909
P2716,712
P2717,298
P2718,322
P2719,207
P2720,533
P2721,751
P2722,309
P2723,277
P2724,778
P2725,475
P2726,719
P2727,186
P2728,652
P2729,544
P2730,692
P2731,888
P2732,115
P2733,111
P2734,506
P2735,139
P2736,740
P2737,90
P2738,691
P2739,486
P2740,230
P2741,142
P2742,168
P2743,978
P2744,157
P2745,503
P2746,188
P2747,361
P2748,918
P2749,779
P2750,212
P2751,735
P2752,958
P2753,723
P2754,102
P2755,201
P2756,174
P2757,108
P2758,678
P2759,944
P2760,251
P2761,339
P2762,216
P2763,105
P2764,96
P2765,447
P2766,338
P2767,851
P2768,211
P2769,746
P2770,872
P2771,859
P2772,117
P2773,625
P2774,614
P2775,816
P2776,475
P2777,862
P2778,797
P2779,362
P2780,153
P2781,702
P2782,395
P2783,135
P2784,533
P2785,587
P2786,529
P2787,222
P2788,872
P2789,726
P2790,627
P2791,162
P2792,395
P2793,248
P2794,706
P2795,365
P2796,768
P2797,174
P2798,204
P2799,683
P2800,999
P2801,974
P2802,384
P2803,302
P2804,472
P2805,855
P2806,190
P2807,432
P2808,398
P2809,183
P2810,633
P2811,894
P2812,599
P2813,378
P2814,715
P2815,526
P2816,701
P2817,686
P2818,201
P2819,933
P2820,565
P2821,534
P2822,882
P2823,54
P2824,201
P2825,499
P2826,456
P2827,144
P2828,982
P2829,677
P2830,559
P2831,168
P2832,509
P2833,694
P2834,242
P2835,510
P2836,222
P2837,120
P2838,962
P2839,663
P2840,314
P2841,388
P2842,75
P2843,268
P2844,241
P2845,866
P2846,658
P2847,951
P2848,189
P2849,690
P2850,153
P2851,67
P2852,529
P2853,565
P2854,295
P2855,564
P2856,618
P2857,667
P2858,202
P2859,338
P2860,283
P2861,66
P2862,100
P2863,578
P2864,587
P2865,257
P2866,202
P2867,185
P2868,772
P2869,618
P2870,966
P2871,774
P2872,184
P2873,572
P2874,795
P2875,207
P2876,81
P2877,764
P2878,70
P2879,713
P2880,219
P2881,866
P2882,831
P2883,630
P2884,529
P2885,183
P2886,969
P2887,356
P2888,486
P2889,625
P2890,705
P2891,694
P2892,277
P2893,271
P2894,945
P2895,632
P2896,758
P2897,52
P2898,821
P2899,677
P2900,976
P2901,81
P2902,58
P2903,637
P2904,199
P2905,911
P2906,115
P2907,841
P2908,104
P2909,327
P2910,86
P2911,575
P2912,736
P2913,496
P2914,472
P2915,173
P2916,934
P2917,113
P2918,856
P2919,238
P2920,663
P2921,676
P2922,915
P2923,917
P2924,305
P2925,599
P2926,128
P2927,148
P2928,663
P2929,242
P2930,916
P2931,60
P2932,620
P2933,108
P2934,922
P2935,460
P2936,316
P2937,229
P2938,304
P2939,866
P2940,777
P2941,872
P2942,739
P2943,254
P2944,645
P2945,509
P2946,439
P2947,244
P2948,672
P2949,725
P2950,419
P2951,449
P2952,911
P2953,783
P2954,63
P2955,699
P2956,823
P2957,61
P2958,868
P2959,208
P2960,959
P2961,390
P2962,118
P2963,400
P2964,526
P2965,627
P2966,602
P2967,938
P2968,235
P2969,658
P2970,875
P2971,263
P2972,335
P2973,603
P2974,221
P2975,240
P2976,344
P2977,774
P2978,397
P2979,235
P2980,204
P2981,572
P2982,957
P2983,741
P2984,220
P2985,598
P2986,129
P2987,577
P2988,872
P2989,623
P2990,415
P2991,927
P2992,338
P2993,307
P2994,584
P2995,794
P2996,798
P2997,560
P2998,372
P2999,430
P3000,261
P3001,699
P3002,195
P3003,397
P3004,571
P3005,590
P3006,517
P3007,912
P3008,662
P3009,280
P3010,55
P3011,545
P3012,787
P3013,374
P3014,750
P3015,187
P3016,966
P3017,388
P3018,513
P3019,211
P3020,87
P3021,492
P3022,545
P3023,851
P3024,619
P3025,857
P3026,805
P3027,465
P3028,880
P3029,552
P3030,897
P3031,720
P3032,568
P3033,737
P3034,900
P3035,159
P3036,581
P3037,717
P3038,995
P3039,679
P3040,540
P3041,365
P3042,622
P3043,447
P3044,277
P3045,716
P3046,831
P3047,111
P3048,95
P3049,847
P3050,559
P3051,760
P3052,374
P3053,667
P3054,53
P3055,440
P3056,762
P3057,157
P3058,979
P3059,890
P3060,353
P3061,817
P3062,634
P3063,251
P3064,572
P3065,591
P3066,842
P3067,142
P3068,524
P3069,349
P3070,917
P3071,665
P3072,719
P3073,554
P3074,144
P3075,243
P3076,576
P3077,467
P3078,384
P3079,314
P3080,388
P3081,795
P3082,571
P3083,114
P3084,251
P3085,435
P3086,80
P3087,452
P3088,203
P3089,526
P3090,66
P3091,998
P3092,475
P3093,794
P3094,437
P3095,173
P3096,178
P3097,823
P3098,760
P3099,935
P3100,802
P3101,907
P3102,412
P3103,653
P3104,902
P3105,598
P3106,81
P3107,72
P3108,544
P3109,140
P3110,718
P3111,708
P3112,183
P3113,144
P3114,324
P3115,139
P3116,428
P3117,844
P3118,693
P3119,489
P3120,766
P3121,799
P3122,934
P3123,941
P3124,991
P3125,380
P3126,76
P3127,917
P3128,542
P3129,576
P3130,980
P3131,341
P3132,522
P3133,497
P3134,468
P3135,349
P3136,509
P3137,114
P3138,918
P3139,803
P3140,54
P3141,70
P3142,362
P3143,530
P3144,690
P3145,198
P3146,377
P3147,597
P3148,457
P3149,734
P3150,960
P3151,407
P3152,696
P3153,76
P3154,443
P3155,724
P3156,899
P3157,962
P3158,741
P3159,767
P3160,509
P3161,958
P3162,560
P3163,574
P3164,581
P3165,379
P3166,614
P3167,933
P3168,263
P3169,611
P3170,727
P3171,84
P3172,895
P3173,1000
P3174,104
P3175,311
P3176,436
P3177,894
P3178,376
P3179,942
P3180,709
P3181,692
P3182,416
P3183,606
P3184,775
P3185,112
P3186,401
P3187,943
P3188,884
P3189,282
P3190,668
P3191,572
P3192,342
P3193,329
P3194,64
P3195,883
P3196,123
P3197,624
P3198,611
P3199,414
P3200,904
P3201,579
P3202,589
P3203,862
P3204,481
P3205,460
P3206,536
P3207,676
P3208,619
P3209,270
P3210,340
P3211,588
P3212,133
P3213,680
P3214,679
P3215,987
P3216,388
P3217,520
P3218,476
P3219,164
P3220,514
P3221,461
P3222,652
P3223,613
P3224,146
P3225,773
P3226,274
P3227,274
P3228,98
P3229,845
P3230,61
P3231,579
P3232,791
P3233,859
P3234,411
P3235,359
P3236,779
P3237,545
P3238,176
P3239,434
P3240,724
P3241,182
P3242,721
P3243,698
P3244,163
P3245,734
P3246,161
P3247,95
P3248,225
P3249,240
P3250,314
P3251,844
P3252,198
P3253,872
P3254,691
P3255,829
P3256,670
P3257,912
P3258,915
P3259,347
P3260,709
P3261,610
P3262,194
P3263,918
P3264,438
P3265,341
P3266,818
P3267,759
P3268,169
P3269,723
P3270,345
P3271,811
P3272,493
P3273,759
P3274,877
P3275,177
P3276,556
P3277,681
P3278,921
P3279,883
P3280,491
P3281,592
P3282,589
P3283,472
P3284,223
P3285,265
P3286,187
P3287,731
P3288,802
P3289,134
P3290,420
P3291,79
P3292,550
P3293,827
P3294,566
P3295,665
P3296,782
P3297,584
P3298,111
P3299,773
P3300,992
P3301,281
P3302,791
P3303,341
P3304,175
P3305,166
P3306,779
P3307,107
P3308,856
P3309,553
P3310,931
P3311,249
P3312,571
P3313,660
P3314,86
P3315,965
P3316,307
P3317,297
P3318,736
P3319,913
P3320,326
P3321,194
P3322,331
P3323,312
P3324,156
P3325,312
P3326,988
P3327,644
P3328,711
P3329,704
P3330,680
P3331,616
P3332,429
P3333,371
P3334,749
P3335,87
P3336,467
P3337,121
P3338,972
P3339,641
P3340,724
P3341,101
P3342,683
P3343,748
P3344,137
P3345,942
P3346,471
P3347,255
P3348,51
P3349,532
P3350,834
P3351,475
P3352,819
P3353,685
P3354,719
P3355,462
P3356,879
P3357,758
P3358,712
P3359,207
P3360,162
P3361,58
P3362,540
P3363,774
P3364,687
P3365,625
P3366,993
P3367,370
P3368,633
P3369,701
P3370,739
P3371,644
P3372,629
P3373,582
P3374,205
P3375,683
P3376,960
P3377,820
P3378,185
P3379,612
P3380,794
P3381,745
P3382,314
P3383,428
P3384,966
P3385,318
P3386,704
P3387,87
P3388,209
P3389,791
P3390,987
P3391,545
P3392,425
P3393,732
P3394,507
P3395,851
P3396,876
P3397,430
P3398,298
P3399,135
P3400,494
P3401,502
P3402,424
P3403,673
P3404,531
P3405,130
P3406,112
P3407,608
P3408,652
P3409,1000
P3410,72
P3411,688
P3412,847
P3413,145
P3414,369
P3415,201
P3416,588
P3417,146
P3418,631
P3419,255
P3420,880
P3421,350
P3422,74
P3423,168
P3424,158
P3425,751
P3426,226
P3427,633
P3428,767
P3429,729
P3430,364
P3431,568
P3432,405
P3433,695
P3434,742
P3435,847
P3436,209
P3437,821
P3438,525
P3439,458
P3440,472
P3441,200
P3442,419
P3443,404
P3444,422
P3445,427
P3446,113
P3447,753
P3448,138
P3449,134
P3450,198
P3451,337
P3452,68
P3453,539
P3454,924
P3455,682
P3456,466
P3457,770
P3458,134
P3459,820
P3460,934
P3461,432
P3462,651
P3463,296
P3464,253
P3465,53
P3466,386
P3467,628
P3468,677
P3469,728
P3470,480
P3471,204
P3472,889
P3473,727
P3474,894
P3475,501
P3476,60
P3477,755
P3478,647
P3479,286
P3480,477
P3481,770
P3482,524
P3483,682
P3484,617
P3485,287
P3486,884
P3487,578
P3488,511
P3489,878
P3490,192
P3491,981
P3492,535
P3493,960
P3494,718
P3495,50
P3496,810
P3497,776
P3498,118
P3499,762
P3500,592
P3501,304
P3502,62
P3503,186
P3504,824
P3505,823
P3506,306
P3507,964
P3508,471
P3509,751
P3510,937
P3511,669
P3512,273
P3513,287
P3514,422
P3515,179
P3516,380
P3517,720
P3518,237
P3519,644
P3520,820
P3521,719
P3522,171
P3523,592
P3524,655
P3525,580
P3526,431
P3527,619
P3528,570
P3529,623
P3530,481
P3531,134
P3532,565
P3533,526
P3534,145
P3535,919
P3536,627
P3537,89
P3538,264
P3539,820
P3540,190
P3541,580
P3542,203
P3543,100
P3544,130
P3545,118
P3546,658
P3547,500
P3548,100
P3549,251
P3550,975
P3551,927
P3552,821
P3553,826
P3554,867
P3555,697
P3556,366
P3557,763
P3558,976
P3559,678
P3560,159
P3561,328
P3562,270
P3563,774
P3564,428
P3565,587
P3566,800
P3567,672
P3568,631
P3569,96
P3570,869
P3571,963
P3572,635
P3573,744
P3574,510
P3575,856
P3576,870
P3577,883
P3578,934
P3579,640
P3580,760
P3581,804
P3582,599
P3583,571
P3584,491
P3585,640
P3586,998
P3587,345
P3588,82
P3589,704
P3590,607
P3591,349
P3592,626
P3593,816
P3594,286
P3595,439
P3596,898
P3597,778
P3598,209
P3599,275
P3600,741
P3601,352
P3602,238
P3603,723
P3604,98
P3605,167
P3606,232
P3607,508
P3608,75
P3609,715
P3610,234
P3611,607
P3612,516
P3613,980
P3614,117
P3615,90
P3616,230
P3617,331
P3618,998
P3619,680
P3620,732
P3621,736
P3622,969
P3623,810
P3624,902
P3625,163
P3626,847
P3627,720
P3628,999
P3629,315
P3630,605
P3631,742
P3632,152
P3633,168
P3634,431
P3635,745
P3636,66
P3637,231
P3638,745
P3639,718
P3640,528
P3641,620
P3642,973
P3643,685
P3644,828
P3645,684
P3646,955
P3647,389
P3648,412
P3649,520
P3650,219
P3651,352
P3652,870
P3653,761
P3654,983
P3655,347
P3656,740
P3657,838
P3658,547
P3659,948
P3660,125
P3661,424
P3662,586
P3663,363
P3664,428
P3665,665
P3666,436
P3667,89
P3668,128
P3669,670
P3670,756
P3671,965
P3672,985
P3673,168
P3674,859
P3675,343
P3676,717
P3677,612
P3678,689
P3679,641
P3680,883
P3681,157
P3682,603
P3683,220
P3684,291
P3685,907
P3686,462
P3687,172
P3688,444
P3689,584
P3690,859
P3691,715
P3692,368
P3693,411
P3694,349
P3695,252
P3696,960
P3697,537
P3698,656
P3699,92
P3700,343
P3701,459
P3702,125
P3703,337
P3704,632
P3705,417
P3706,979
P3707,473
P3708,97
P3709,816
P3710,247
P3711,143
P3712,433
P3713,265
P3714,266
P3715,208
P3716,517
P3717,667
P3718,91
P3719,826
P3720,706
P3721,83
P3722,557
P3723,501
P3724,981
P3725,145
P3726,831
P3727,789
P3728,472
P3729,714
P3730,533
P3731,940
P3732,856
P3733,169
P3734,164
P3735,478
P3736,628
P3737,558
P3738,759
P3739,911
P3740,613
P3741,542
P3742,490
P3743,450
P3744,901
P3745,480
P3746,433
P3747,288
P3748,536
P3749,165
P3750,542
P3751,106
P3752,550
P3753,821
P3754,98
P3755,802
P3756,716
P3757,448
P3758,992
P3759,705
P3760,341
P3761,531
P3762,815
P3763,524
P3764,189
P3765,370
P3766,125
P3767,92
P3768,549
P3769,315
P3770,268
P3771,432
P3772,154
P3773,751
P3774,409
P3775,207
P3776,295
P3777,228
P3778,954
P3779,953
P3780,463
P3781,337
P3782,1000
P3783,263
P3784,755
P3785,413
P3786,82
P3787,978
P3788,636
P3789,458
P3790,367
P3791,364
P3792,132
P3793,186
P3794,161
P3795,301
P3796,113
P3797,50
P3798,892
P3799,967
P3800,664
P3801,163
P3802,661
P3803,271
P3804,340
P3805,701
P3806,147
P3807,790
P3808,270
P3809,219
P3810,58
P3811,508
P3812,491
P3813,263
P3814,318
P3815,844
P3816,960
P3817,807
P3818,760
P3819,72
P3820,406
P3821,379
P3822,631
P3823,96
P3824,145
P3825,270
P3826,825
P3827,251
P3828,637
P3829,536
P3830,363
P3831,598
P3832,969
P3833,926
P3834,935
P3835,58
P3836,435
P3837,403
P3838,594
P3839,573
P3840,54
P3841,274
P3842,350
P3843,66
P3844,661
P3845,732
P3846,723
P3847,530
P3848,924
P3849,149
P3850,865
P3851,334
P3852,576
P3853,243
P3854,713
P3855,278
P3856,609
P3857,391
P3858,702
P3859,691
P3860,468
P3861,746
P3862,985
P3863,373
P3864,415
P3865,457
P3866,712
P3867,480
P3868,427
P3869,66
P3870,484
P3871,433
P3872,818
P3873,705
P3874,275
P3875,843
P3876,731
P3877,819
P3878,906
P3879,864
P3880,318
P3881,548
P3882,922
P3883,609
P3884,432
P3885,824
P3886,609
P3887,323
P3888,116
P3889,769
P3890,767
P3891,724
P3892,747
P3893,260
P3894,498
P3895,92
P3896,140
P3897,192
P3898,137
P3899,159
P3900,855
P3901,503
P3902,306
P3903,203
P3904,673
P3905,316
P3906,949
P3907,191
P3908,399
P3909,943
P3910,410
P3911,341
P3912,945
P3913,379
P3914,658
P3915,593
P3916,687
P3917,930
P3918,563
P3919,69
P3920,508
P3921,997
P3922,828
P3923,715
P3924,436
P3925,255
P3926,870
P3927,629
P3928,233
P3929,272
P3930,538
P3931,400
P3932,728
P3933,447
P3934,422
P3935,771
P3936,616
P3937,819
P3938,147
P3939,183
P3940,322
P3941,728
P3942,103
P3943,728
P3944,955
P3945,271
P3946,387
P3947,884
P3948,159
P3949,623
P3950,637
P3951,133
P3952,300
P3953,922
P3954,836
P3955,965
P3956,740
P3957,392
P3958,986
P3959,194
P3960,189
P3961,623
P3962,431
P3963,256
P3964,423
P3965,409
P3966,330
P3967,154
P3968,196
P3969,162
P3970,142
P3971,336
P3972,255
P3973,804
P3974,258
P3975,776
P3976,748
P3977,742
P3978,997
P3979,184
P3980,359
P3981,219
P3982,395
P3983,599
P3984,183
P3985,545
P3986,220
P3987,93
P3988,191
P3989,509
P3990,57
P3991,527
P3992,742
P3993,687
P3994,339
P3995,730
P3996,155
P3997,969
P3998,582
P3999,953
P4000,848
P4001,469
P4002,787
P4003,409
P4004,572
P4005,440
P4006,475
P4007,422
P4008,67
P4009,675
P4010,650
P4011,700
P4012,819
P4013,415
P4014,952
P4015,377
P4016,90
P4017,240
P4018,408
P4019,396
P4020,100
P4021,428
P4022,378
P4023,875
P4024,556
P4025,970
P4026,177
P4027,229
P4028,188
P4029,147
P4030,895
P4031,240
P4032,886
P4033,667
P4034,168
P4035,967
P4036,593
P4037,119
P4038,598
P4039,281
P4040,613
P4041,76
P4042,550
P4043,917
P4044,311
P4045,788
P4046,615
P4047,965
P4048,726
P4049,364
P4050,150
P4051,718
P4052,1000
P4053,697
P4054,524
P4055,995
P4056,53
P4057,991
P4058,490
P4059,614
P4060,450
P4061,980
P4062,744
P4063,933
P4064,365
P4065,123
P4066,491
P4067,518
P4068,854
P4069,127
P4070,484
P4071,260
P4072,162
P4073,651
P4074,869
P4075,489
P4076,727
P4077,643
P4078,749
P4079,222
P4080,144
P4081,281
P4082,109
P4083,900
P4084,191
P4085,260
P4086,894
P4087,899
P4088,697
P4089,766
P4090,342
P4091,657
P4092,965
P4093,718
P4094,956
P4095,532
P4096,273
P4097,713
P4098,77
P4099,286
P4100,784
P4101,732
P4102,876
P4103,664
P4104,976
P4105,999
P4106,163
P4107,289
P4108,238
P4109,606
P4110,79
P4111,329
P4112,332
P4113,688
P4114,162
P4115,211
P4116,210
P4117,110
P4118,912
P4119,934
P4120,476
P4121,538
P4122,617
P4123,698
P4124,560
P4125,526
P4126,571
P4127,73
P4128,92
P4129,754
P4130,459
P4131,613
P4132,266
P4133,699
P4134,108
P4135,847
P4136,353
P4137,183
P4138,383
P4139,702
P4140,727
P4141,605
P4142,306
P4143,493
P4144,670
P4145,181
P4146,773
P4147,647
P4148,161
P4149,382
P4150,858
P4151,194
P4152,326
P4153,214
P4154,477
P4155,532
P4156,523
P4157,777
P4158,448
P4159,601
P4160,718
P4161,81
P4162,748
P4163,878
P4164,595
P4165,952
P4166,109
P4167,653
P4168,843
P4169,698
P4170,148
P4171,441
P4172,785
P4173,102
P4174,66
P4175,802
P4176,545
P4177,657
P4178,570
P4179,898
P4180,968
P4181,570
P4182,147
P4183,484
P4184,619
P4185,972
P4186,323
P4187,891
P4188,576
P4189,473
P4190,897
P4191,98
P4192,750
P4193,188
P4194,629
P4195,154
P4196,285
P4197,824
P4198,272
P4199,64
P4200,322
P4201,307
P4202,941
P4203,759
P4204,337
P4205,562
P4206,674
P4207,370
P4208,425
P4209,847
P4210,323
P4211,795
P4212,815
P4213,634
P4214,854
P4215,684
P4216,213
P4217,65
P4218,989
P4219,511
P4220,761
P4221,808
P4222,718
P4223,367
P4224,242
P4225,835
P4226,904
P4227,107
P4228,732
P4229,925
P4230,599
P4231,794
P4232,529
P4233,446
P4234,679
P4235,587
P4236,414
P4237,923
P4238,169
P4239,322
P4240,201
P4241,380
P4242,806
P4243,503
P4244,934
P4245,372
P4246,383
P4247,456
P4248,538
P4249,902
P4250,761
P4251,798
P4252,850
P4253,639
P4254,213
P4255,458
P4256,631
P4257,256
P4258,197
P4259,211
P4260,668
P4261,925
P4262,74
P4263,964
P4264,601
P4265,73
P4266,433
P4267,172
P4268,981
P4269,542
P4270,692
P4271,251
P4272,556
P4273,475
P4274,173
P4275,245
P4276,586
P4277,218
P4278,669
P4279,342
P4280,824
P4281,83
P4282,66
P4283,941
P4284,123
P4285,525
P4286,225
P4287,138
P4288,350
P4289,694
P4290,645
P4291,444
P4292,863
P4293,740
P4294,924
P4295,846
P4296,261
P4297,825
P4298,943
P4299,835
P4300,572
P4301,853
P4302,914
P4303,270
P4304,309
P4305,397
P4306,214
P4307,535
P4308,188
P4309,941
P4310,807
P4311,190
P4312,731
P4313,869
P4314,914
P4315,501
P4316,966
P4317,830
P4318,714
P4319,745
P4320,662
P4321,134
P4322,248
P4323,125
P4324,899
P4325,952
P4326,276
P4327,974
P4328,742
P4329,632
P4330,676
P4331,992
P4332,483
P4333,754
P4334,963
P4335,106
P4336,212
P4337,527
P4338,166
P4339,91
P4340,907
P4341,864
P4342,343
P4343,255
P4344,796
P4345,945
P4346,467
P4347,483
P4348,423
P4349,565
P4350,859
P4351,427
P4352,338
P4353,445
P4354,461
P4355,449
P4356,388
P4357,495
P4358,938
P4359,213
P4360,388
P4361,566
P4362,145
P4363,812
P4364,629
P4365,489
P4366,235
P4367,421
P4368,938
P4369,566
P4370,637
P4371,468
P4372,419
P4373,284
P4374,442
P4375,530
P4376,863
P4377,418
P4378,959
P4379,204
P4380,92
P4381,96
P4382,803
P4383,509
P4384,235
P4385,795
P4386,377
P4387,230
P4388,320
P4389,289
P4390,85
P4391,512
P4392,527
P4393,232
P4394,933
P4395,651
P4396,171
P4397,122
P4398,531
P4399,565
P4400,143
P4401,991
P4402,828
P4403,398
P4404,620
P4405,450
P4406,196
P4407,959
P4408,452
P4409,713
P4410,141
P4411,692
P4412,271
P4413,656
P4414,518
P4415,496
P4416,330
P4417,320
P4418,676
P4419,106
P4420,138
P4421,594
P4422,836
P4423,752
P4424,125
P4425,954
P4426,771
P4427,713
P4428,249
P4429,338
P4430,766
P4431,420
P4432,964
P4433,899
P4434,780
P4435,663
P4436,635
P4437,285
P4438,507
P4439,176
P4440,803
P4441,118
P4442,569
P4443,172
P4444,139
P4445,712
P4446,352
P4447,457
P4448,520
P4449,502
P4450,782
P4451,981
P4452,264
P4453,353
P4454,126
P4455,685
P4456,404
P4457,399
P4458,337
P4459,393
P4460,266
P4461,364
P4462,480
P4463,960
P4464,729
P4465,460
P4466,500
P4467,321
P4468,895
P4469,589
P4470,59
P4471,128
P4472,382
P4473,253
P4474,173
P4475,356
P4476,941
P4477,991
P4478,408
P4479,813
P4480,536
P4481,246
P4482,796
P4483,578
P4484,147
P4485,874
P4486,634
P4487,66
P4488,736
P4489,194
P4490,58
P4491,336
P4492,476
P4493,189
P4494,641
P4495,377
P4496,972
P4497,908
P4498,600
P4499,295
P4500,977
P4501,966
P4502,409
P4503,747
P4504,955
P4505,919
P4506,296
P4507,883
P4508,199
P4509,187
P4510,688
P4511,255
P4512,728
P4513,929
P4514,789
P4515,975
P4516,914
P4517,615
P4518,288
P4519,182
P4520,216
P4521,666
P4522,782
P4523,282
P4524,250
P4525,356
P4526,52
P4527,512
P4528,608
P4529,238
P4530,929
P4531,994
P4532,492
P4533,979
P4534,451
P4535,937
P4536,396
P4537,684
P4538,993
P4539,438
P4540,357
P4541,464
P4542,988
P4543,246
P4544,873
P4545,599
P4546,337
P4547,495
P4548,250
P4549,772
P4550,419
P4551,727
P4552,630
P4553,978
P4554,506
P4555,941
P4556,790
P4557,801
P4558,294
P4559,506
P4560,626
P4561,479
P4562,370
P4563,534
P4564,666
P4565,334
P4566,345
P4567,166
P4568,397
P4569,68
P4570,260
P4571,694
P4572,524
P4573,111
P4574,152
P4575,668
P4576,284
P4577,975
P4578,602
P4579,268
P4580,982
P4581,83
P4582,153
P4583,719
P4584,96
P4585,803
P4586,297
P4587,223
P4588,877
P4589,600
P4590,169
P4591,238
P4592,474
P4593,637
P4594,260
P4595,818
P4596,693
P4597,227
P4598,277
P4599,609
P4600,989
P4601,577
P4602,461
P4603,91
P4604,127
P4605,539
P4606,687
P4607,353
P4608,477
P4609,462
P4610,517
P4611,70
P4612,944
P4613,144
P4614,845
P4615,896
P4616,716
P4617,389
P4618,893
P4619,433
P4620,872
P4621,955
P4622,854
P4623,533
P4624,621
P4625,430
P4626,86
P4627,148
P4628,998
P4629,838
P4630,298
P4631,583
P4632,265
P4633,159
P4634,630
P4635,580
P4636,205
P4637,590
P4638,144
P4639,449
P4640,99
P4641,239
P4642,700
P4643,641
P4644,435
P4645,199
P4646,524
P4647,300
P4648,236
P4649,898
P4650,962
P4651,174
P4652,812
P4653,947
P4654,572
P4655,525
P4656,865
P4657,337
P4658,438
P4659,707
P4660,412
P4661,497
P4662,958
P4663,717
P4664,281
P4665,245
P4666,653
P4667,342
P4668,74
P4669,393
P4670,107
P4671,499
P4672,410
P4673,517
P4674,142
P4675,205
P4676,693
P4677,91
P4678,666
P4679,900
P4680,175
P4681,935
P4682,387
P4683,391
P4684,623
P4685,779
P4686,67
P4687,68
P4688,318
P4689,949
P4690,353
P4691,337
P4692,552
P4693,95
P4694,880
P4695,224
P4696,531
P4697,349
P4698,930
P4699,756
P4700,450
P4701,648
P4702,903
P4703,874
P4704,898
P4705,781
P4706,984
P4707,524
P4708,848
P4709,354
P4710,88
P4711,662
P4712,965
P4713,197
P4714,170
P4715,185
P4716,126
P4717,422
P4718,606
P4719,874
P4720,595
P4721,270
P4722,113
P4723,97
P4724,755
P4725,879
P4726,813
P4727,198
P4728,373
P4729,277
P4730,539
P4731,255
P4732,551
P4733,244
P4734,926
P4735,937
P4736,871
P4737,320
P4738,216
P4739,641
P4740,412
P4741,980
P4742,811
P4743,828
P4744,518
P4745,935
P4746,495
P4747,951
P4748,636
P4749,416
P4750,805
P4751,516
P4752,167
P4753,912
P4754,109
P4755,609
P4756,294
P4757,720
P4758,310
P4759,948
P4760,710
P4761,244
P4762,301
P4763,657
P4764,988
P4765,948
P4766,551
P4767,320
P4768,958
P4769,619
P4770,572
P4771,888
P4772,63
P4773,302
P4774,804
P4775,267
P4776,924
P4777,59
P4778,141
P4779,910
P4780,597
P4781,53
P4782,427
P4783,185
P4784,992
P4785,88
P4786,243
P4787,123
P4788,809
P4789,344
P4790,662
P4791,917
P4792,537
P4793,742
P4794,216
P4795,571
P4796,748
P4797,313
P4798,770
P4799,187
P4800,780
P4801,327
P4802,476
P4803,354
P4804,708
P4805,556
P4806,294
P4807,889
P4808,905
P4809,151
P4810,426
P4811,723
P4812,97
P4813,972
P4814,616
P4815,573
P4816,988
P4817,133
P4818,620
P4819,607
P4820,73
P4821,107
P4822,939
P4823,477
P4824,639
P4825,765
P4826,408
P4827,222
P4828,552
P4829,191
P4830,245
P4831,141
P4832,699
P4833,565
P4834,96
P4835,259
P4836,97
P4837,186
P4838,842
P4839,496
P4840,860
P4841,819
P4842,707
P4843,879
P4844,925
P4845,82
P4846,523
P4847,137
P4848,517
P4849,256
P4850,211
P4851,962
P4852,730
P4853,834
P4854,752
P4855,938
P4856,629
P4857,776
P4858,646
P4859,829
P4860,72
P4861,933
P4862,327
P4863,975
P4864,60
P4865,865
P4866,494
P4867,424
P4868,468
P4869,123
P4870,871
P4871,530
P4872,164
P4873,302
P4874,268
P4875,886
P4876,436
P4877,938
P4878,580
P4879,796
P4880,460
P4881,256
P4882,307
P4883,261
P4884,68
P4885,185
P4886,951
P4887,243
P4888,840
P4889,445
P4890,445
P4891,58
P4892,422
P4893,161
P4894,281
P4895,951
P4896,855
P4897,249
P4898,873
P4899,864
P4900,329
P4901,94
P4902,543
P4903,514
P4904,863
P4905,436
P4906,777
P4907,926
P4908,120
P4909,809
P4910,474
P4911,595
P4912,252
P4913,932
P4914,195
P4915,665
P4916,833
P4917,64
P4918,140
P4919,529
P4920,626
P4921,972
P4922,495
P4923,474
P4924,781
P4925,812
P4926,857
P4927,146
P4928,623
P4929,553
P4930,300
P4931,57
P4932,763
P4933,434
P4934,795
P4935,179
P4936,265
P4937,998
P4938,828
P4939,166
P4940,319
P4941,526
P4942,100
P4943,378
P4944,752
P4945,318
P4946,336
P4947,709
P4948,957
P4949,552
P4950,701
P4951,67
P4952,452
P4953,970
P4954,93
P4955,831
P4956,506
P4957,142
P4958,101
P4959,319
P4960,355
P4961,616
P4962,147
P4963,363
P4964,205
P4965,432
P4966,475
P4967,853
P4968,534
P4969,526
P4970,767
P4971,59
P4972,294
P4973,721
P4974,116
P4975,189
P4976,382
P4977,924
P4978,750
P4979,672
P4980,778
P4981,921
P4982,587
P4983,491
P4984,136
P4985,658
P4986,597
P4987,178
P4988,105
P4989,543
P4990,314
P4991,320
P4992,584
P4993,843
P4994,551
P4995,875
P4996,593
P4997,663
P4998,293
P4999,63
P5000,918
P5001,697
P5002,614
P5003,260
P5004,762
P5005,931
P5006,110
P5007,637
P5008,265
P5009,424
P5010,803
P5011,215
P5012,323
P5013,360
P5014,84
P5015,527
P5016,350
P5017,717
P5018,808
P5019,319
P5020,666
P5021,463
P5022,167
P5023,81
P5024,496
P5025,586
P5026,558
P5027,595
P5028,81
P5029,778
P5030,750
P5031,369
P5032,979
P5033,547
P5034,212
P5035,289
P5036,630
P5037,850
P5038,572
P5039,630
P5040,662
P5041,644
P5042,334
P5043,403
P5044,605
P5045,917
P5046,853
P5047,265
P5048,637
P5049,172
P5050,699
P5051,692
P5052,54
P5053,239
P5054,847
P5055,739
P5056,702
P5057,537
P5058,110
P5059,55
P5060,749
P5061,298
P5062,439
P5063,460
P5064,544
P5065,901
P5066,336
P5067,903
P5068,498
P5069,645
P5070,658
P5071,78
P5072,421
P5073,760
P5074,919
P5075,64
P5076,946
P5077,559
P5078,267
P5079,53
P5080,337
P5081,897
P5082,517
P5083,256
P5084,677
P5085,278
P5086,860
P5087,294
P5088,878
P5089,252
P5090,436
P5091,192
P5092,745
P5093,380
P5094,261
P5095,350
P5096,92
P5097,951
P5098,807
P5099,284
P5100,632
P5101,375
P5102,207
P5103,150
P5104,951
P5105,977
P5106,133
P5107,733
P5108,498
P5109,402
P5110,990
P5111,589
P5112,639
P5113,829
P5114,158
P5115,775
P5116,570
P5117,994
P5118,918
P5119,429
P5120,325
P5121,282
P5122,805
P5123,559
P5124,285
P5125,170
P5126,784
P5127,948
P5128,749
P5129,919
P5130,81
P5131,786
P5132,610
P5133,506
P5134,548
P5135,879
P5136,311
P5137,760
P5138,82
P5139,448
P5140,83
P5141,799
P5142,346
P5143,174
P5144,64
P5145,324
P5146,899
P5147,169
P5148,758
P5149,758
P5150,323
P5151,423
P5152,708
P5153,364
P5154,198
P5155,485
P5156,233
P5157,987
P5158,78
P5159,241
P5160,574
P5161,370
P5162,963
P5163,519
P5164,501
P5165,993
P5166,775
P5167,501
P5168,832
P5169,129
P5170,613
P5171,288
P5172,843
P5173,630
P5174,419
P5175,669
P5176,552
P5177,656
P5178,730
P5179,824
P5180,64
P5181,407
P5182,948
P5183,294
P5184,681
P5185,72
P5186,492
P5187,365
P5188,676
P5189,784
P5190,893
P5191,554
P5192,981
P5193,877
P5194,331
P5195,611
P5196,416
P5197,567
P5198,705
P5199,673
P5200,187
P5201,283
P5202,846
P5203,109
P5204,668
P5205,585
P5206,796
P5207,922
P5208,467
P5209,807
P5210,424
P5211,543
P5212,107
P5213,243
P5214,809
P5215,905
P5216,226
P5217,240
P5218,910
P5219,525
P5220,576
P5221,687
P5222,687
P5223,140
P5224,928
P5225,683
P5226,928
P5227,377
P5228,415
P5229,138
P5230,851
P5231,943
P5232,956
P5233,222
P5234,443
P5235,809
P5236,786
P5237,290
P5238,498
P5239,520
P5240,420
P5241,790
P5242,62
P5243,122
P5244,591
P5245,446
P5246,934
P5247,623
P5248,589
P5249,871
P5250,560
P5251,997
P5252,689
P5253,797
P5254,686
P5255,503
P5256,936
P5257,529
P5258,99
P5259,789
P5260,348
P5261,430
P5262,136
P5263,943
P5264,215
P5265,489
P5266,522
P5267,486
P5268,310
P5269,956
P5270,546
P5271,520
P5272,369
P5273,360
P5274,107
P5275,216
P5276,657
P5277,817
P5278,636
P5279,965
P5280,403
P5281,616
P5282,682
P5283,954
P5284,861
P5285,846
P5286,154
P5287,807
P5288,759
P5289,138
P5290,856
P5291,135
P5292,315
P5293,259
P5294,297
P5295,963
P5296,164
P5297,156
P5298,446
P5299,489
P5300,485
P5301,510
P5302,339
P5303,659
P5304,150
P5305,754
P5306,895
P5307,943
P5308,487
P5309,978
P5310,958
P5311,51
P5312,646
P5313,178
P5314,800
P5315,857
P5316,942
P5317,522
P5318,497
P5319,963
P5320,199
P5321,168
P5322,573
P5323,656
P5324,743
P5325,687
P5326,266
P5327,642
P5328,643
P5329,292
P5330,406
P5331,341
P5332,697
P5333,707
P5334,824
P5335,574
P5336,803
P5337,777
P5338,678
P5339,155
P5340,629
P5341,444
P5342,799
P5343,866
P5344,187
P5345,443
P5346,1000
P5347,938
P5348,427
P5349,312
P5350,409
P5351,665
P5352,443
P5353,448
P5354,742
P5355,609
P5356,962
P5357,840
P5358,214
P5359,332
P5360,286
P5361,706
P5362,565
P5363,60
P5364,727
P5365,222
P5366,837
P5367,622
P5368,867
P5369,701
P5370,667
P5371,690
P5372,844
P5373,906
P5374,100
P5375,287
P5376,855
P5377,139
P5378,863
P5379,80
P5380,623
P5381,737
P5382,844
P5383,556
P5384,203
P5385,150
P5386,211
P5387,177
P5388,186
P5389,136
P5390,830
P5391,735
P5392,806
P5393,220
P5394,893
P5395,763
P5396,904
P5397,521
P5398,230
P5399,889
P5400,64
P5401,180
P5402,119
P5403,430
P5404,617
P5405,494
P5406,134
P5407,146
P5408,679
P5409,323
P5410,587
P5411,752
P5412,777
P5413,907
P5414,136
P5415,826
P5416,555
P5417,343
P5418,59
P5419,262
P5420,323
P5421,115
P5422,980
P5423,408
P5424,505
P5425,278
P5426,911
P5427,622
P5428,775
P5429,211
P5430,328
P5431,375
P5432,927
P5433,404
P5434,160
P5435,873
P5436,215
P5437,539
P5438,140
P5439,233
P5440,643
P5441,211
P5442,447
P5443,985
P5444,117
P5445,842
P5446,756
P5447,987
P5448,290
P5449,250
P5450,100
P5451,738
P5452,597
P5453,994
P5454,791
P5455,676
P5456,97
P5457,187
P5458,429
P5459,636
P5460,925
P5461,889
P5462,87
P5463,649
P5464,865
P5465,171
P5466,277
P5467,489
P5468,820
P5469,944
P5470,175
P5471,830
P5472,626
P5473,774
P5474,79
P5475,764
P5476,387
P5477,451
P5478,92
P5479,458
P5480,407
P5481,543
P5482,108
P5483,477
P5484,749
P5485,156
P5486,74
P5487,923
P5488,277
P5489,980
P5490,118
P5491,485
P5492,79
P5493,211
P5494,909
P5495,783
P5496,704
P5497,203
P5498,578
P5499,648
P5500,770
P5501,966
P5502,265
P5503,628
P5504,640
P5505,69
P5506,422
P5507,355
P5508,170
P5509,648
P5510,66
P5511,419
P5512,248
P5513,407
P5514,966
P5515,783
P5516,975
P5517,246
P5518,948
P5519,525
P5520,829
P5521,505
P5522,963
P5523,243
P5524,103
P5525,455
P5526,576
P5527,211
P5528,387
P5529,200
P5530,507
P5531,942
P5532,184
P5533,555
P5534,562
P5535,268
P5536,882
P5537,746
P5538,456
P5539,63
P5540,413
P5541,274
P5542,78
P5543,901
P5544,809
P5545,425
P5546,121
P5547,359
P5548,464
P5549,797
P5550,393
P5551,605
P5552,967
P5553,905
P5554,932
P5555,175
P5556,695
P5557,868
P5558,254
P5559,585
P5560,692
P5561,501
P5562,470
P5563,234
P5564,346
P5565,299
P5566,245
P5567,807
P5568,438
P5569,392
P5570,523
P5571,357
P5572,367
P5573,657
P5574,583
P5575,830
P5576,227
P5577,786
P5578,874
P5579,560
P5580,715
P5581,477
P5582,473
P5583,819
P5584,65
P5585,619
P5586,432
P5587,326
P5588,889
P5589,265
P5590,712
P5591,376
P5592,494
P5593,487
P5594,88
P5595,445
P5596,152
P5597,568
P5598,145
P5599,132
P5600,538
P5601,926
P5602,285
P5603,219
P5604,719
P5605,694
P5606,663
P5607,307
P5608,498
P5609,82
P5610,346
P5611,383
P5612,686
P5613,469
P5614,586
P5615,494
P5616,874
P5617,316
P5618,73
P5619,625
P5620,370
P5621,77
P5622,914
P5623,551
P5624,272
P5625,463
P5626,527
P5627,907
P5628,995
P5629,418
P5630,569
P5631,400
P5632,441
P5633,485
P5634,434
P5635,212
P5636,603
P5637,906
P5638,249
P5639,254
P5640,557
P5641,894
P5642,684
P5643,789
P5644,378
P5645,894
P5646,418
P5647,378
P5648,234
P5649,597
P5650,528
P5651,83
P5652,974
P5653,369
P5654,707
P5655,669
P5656,384
P5657,466
P5658,863
P5659,792
P5660,604
P5661,121
P5662,572
P5663,946
P5664,560
P5665,193
P5666,433
P5667,595
P5668,84
P5669,602
P5670,639
P5671,841
P5672,480
P5673,692
P5674,523
P5675,183
P5676,289
P5677,454
P5678,355
P5679,269
P5680,805
P5681,859
P5682,908
P5683,298
P5684,294
P5685,99
P5686,760
P5687,385
P5688,981
P5689,508
P5690,490
P5691,814
P5692,410
P5693,926
P5694,619
P5695,727
P5696,342
P5697,787
P5698,727
P5699,353
P5700,754
P5701,58
P5702,154
P5703,950
P5704,80
P5705,76
P5706,794
P5707,419
P5708,706
P5709,678
P5710,58
P5711,314
P5712,914
P5713,474
P5714,185
P5715,263
P5716,518
P5717,441
P5718,196
P5719,299
P5720,430
P5721,323
P5722,364
P5723,777
P5724,283
P5725,704
P5726,373
P5727,934
P5728,122
P5729,348
P5730,298
P5731,71
P5732,792
P5733,937
P5734,456
P5735,839
P5736,78
P5737,805
P5738,980
P5739,803
P5740,618
P5741,677
P5742,549
P5743,510
P5744,178
P5745,155
P5746,429
P5747,577
P5748,984
P5749,938
P5750,715
P5751,145
P5752,632
P5753,928
P5754,206
P5755,472
P5756,796
P5757,272
P5758,854
P5759,508
P5760,501
P5761,596
P5762,687
P5763,765
P5764,187
P5765,900
P5766,683
P5767,662
P5768,682
P5769,985
P5770,959
P5771,332
P5772,548
P5773,810
P5774,473
P5775,735
P5776,151
P5777,941
P5778,352
P5779,215
P5780,684
P5781,157
P5782,317
P5783,244
P5784,913
P5785,372
P5786,762
P5787,1000
P5788,161
P5789,67
P5790,637
P5791,778
P5792,380
P5793,306
P5794,98
P5795,252
P5796,555
P5797,909
P5798,363
P5799,678
P5800,899
P5801,922
P5802,234
P5803,885
P5804,275
P5805,336
P5806,376
P5807,113
P5808,986
P5809,711
P5810,469
P5811,878
P5812,862
P5813,853
P5814,472
P5815,590
P5816,546
P5817,706
P5818,311
P5819,916
P5820,301
P5821,581
P5822,383
P5823,868
P5824,137
P5825,695
P5826,293
P5827,768
P5828,628
P5829,697
P5830,802
P5831,720
P5832,520
P5833,496
P5834,662
P5835,869
P5836,924
P5837,508
P5838,716
P5839,303
P5840,591
P5841,860
P5842,840
P5843,952
P5844,200
P5845,279
P5846,435
P5847,347
P5848,173
P5849,887
P5850,71
P5851,240
P5852,668
P5853,659
P5854,578
P5855,187
P5856,468
P5857,439
P5858,986
P5859,461
P5860,890
P5861,788
P5862,771
P5863,253
P5864,360
P5865,413
P5866,825
P5867,266
P5868,515
P5869,520
P5870,225
P5871,839
P5872,304
P5873,380
P5874,743
P5875,60
P5876,933
P5877,580
P5878,981
P5879,991
P5880,736
P5881,227
P5882,880
P5883,131
P5884,596
P5885,599
P5886,467
P5887,484
P5888,411
P5889,393
P5890,488
P5891,583
P5892,980
P5893,246
P5894,259
P5895,121
P5896,939
P5897,371
P5898,249
P5899,144
P5900,155
P5901,894
P5902,931
P5903,661
P5904,323
P5905,490
P5906,78
P5907,346
P5908,239
P5909,464
P5910,785
P5911,313
P5912,378
P5913,410
P5914,114
P5915,194
P5916,828
P5917,115
P5918,403
P5919,366
P5920,998
P5921,687
P5922,279
P5923,750
P5924,695
P5925,453
P5926,789
P5927,604
P5928,98
P5929,442
P5930,984
P5931,591
P5932,508
P5933,366
P5934,333
P5935,663
P5936,62
P5937,569
P5938,364
P5939,98
P5940,650
P5941,291
P5942,274
P5943,669
P5944,708
P5945,663
P5946,776
P5947,194
P5948,156
P5949,545
P5950,745
P5951,734
P5952,260
P5953,534
P5954,59
P5955,559
P5956,327
P5957,358
P5958,960
P5959,335
P5960,906
P5961,473
P5962,255
P5963,611
P5964,69
P5965,638
P5966,333
P5967,124
P5968,949
P5969,411
P5970,106
P5971,539
P5972,200
P5973,719
P5974,874
P5975,787
P5976,534
P5977,56
P5978,193
P5979,199
P5980,180
P5981,197
P5982,271
P5983,120
P5984,202
P5985,102
P5986,788
P5987,62
P5988,297
P5989,128
P5990,920
P5991,909
P5992,995
P5993,368
P5994,300
P5995,792
P5996,210
P5997,728
P5998,996
P5999,545
P6000,828
P6001,545
P6002,568
P6003,953
P6004,271
P6005,334
P6006,773
P6007,279
P6008,119
P6009,631
P6010,157
P6011,173
P6012,982
P6013,230
P6014,249
P6015,100
P6016,330
P6017,783
P6018,628
P6019,431
P6020,197
P6021,99
P6022,305
P6023,800
P6024,591
P6025,472
P6026,473
P6027,769
P6028,632
P6029,269
P6030,711
P6031,76
P6032,382
P6033,162
P6034,721
P6035,891
P6036,308
P6037,72
P6038,232
P6039,210
P6040,312
P6041,839
P6042,770
P6043,429
P6044,557
P6045,68
P6046,777
P6047,457
P6048,648
P6049,371
P6050,921
P6051,919
P6052,390
P6053,138
P6054,465
P6055,944
P6056,361
P6057,804
P6058,198
P6059,835
P6060,253
P6061,881
P6062,562
P6063,957
P6064,915
P6065,263
P6066,413
P6067,921
P6068,820
P6069,973
P6070,686
P6071,470
P6072,837
P6073,138
P6074,304
P6075,992
P6076,536
P6077,603
P6078,502
P6079,370
P6080,642
P6081,85
P6082,941
P6083,214
P6084,913
P6085,531
P6086,691
P6087,640
P6088,496
P6089,842
P6090,207
P6091,667
P6092,497
P6093,343
P6094,886
P6095,368
P6096,697
P6097,188
P6098,412
P6099,995
P6100,642
P6101,799
P6102,351
P6103,875
P6104,568
P6105,463
P6106,244
P6107,401
P6108,688
P6109,502
P6110,301
P6111,516
P6112,771
P6113,68
P6114,917
P6115,242
P6116,534
P6117,852
P6118,377
P6119,964
P6120,678
P6121,926
P6122,227
P6123,819
P6124,962
P6125,193
P6126,457
P6127,93
P6128,969
P6129,328
P6130,454
P6131,751
P6132,841
P6133,213
P6134,515
P6135,128
P6136,495
P6137,678
P6138,165
P6139,173
P6140,689
P6141,551
P6142,915
P6143,278
P6144,373
P6145,614
P6146,824
P6147,794
P6148,579
P6149,496
P6150,999
P6151,630
P6152,226
P6153,509
P6154,243
P6155,518
P6156,241
P6157,530
P6158,127
P6159,141
P6160,409
P6161,974
P6162,425
P6163,127
P6164,74
P6165,248
P6166,538
P6167,374
P6168,507
P6169,365
P6170,688
P6171,622
P6172,136
P6173,75
P6174,594
P6175,887
P6176,970
P6177,329
P6178,444
P6179,882
P6180,974
P6181,812
P6182,465
P6183,299
P6184,429
P6185,937
P6186,292
P6187,92
P6188,402
P6189,434
P6190,202
P6191,751
P6192,996
P6193,823
P6194,739
P6195,689
P6196,666
P6197,345
P6198,683
P6199,384
P6200,163
P6201,448
P6202,85
P6203,171
P6204,298
P6205,602
P6206,892
P6207,319
P6208,963
P6209,842
P6210,553
P6211,468
P6212,200
P6213,422
P6214,766
P6215,953
P6216,809
P6217,429
P6218,923
P6219,386
P6220,758
P6221,791
P6222,431
P6223,531
P6224,476
P6225,751
P6226,745
P6227,68
P6228,567
P6229,492
P6230,210
P6231,275
P6232,397
P6233,54
P6234,300
P6235,170
P6236,73
P6237,529
P6238,823
P6239,168
P6240,111
P6241,794
P6242,807
P6243,329
P6244,892
P6245,432
P6246,724
P6247,721
P6248,591
P6249,683
P6250,949
P6251,711
P6252,571
P6253,625
P6254,417
P6255,798
P6256,333
P6257,525
P6258,557
P6259,942
P6260,108
P6261,609
P6262,966
P6263,270
P6264,467
P6265,772
P6266,173
P6267,772
P6268,650
P6269,581
P6270,659
P6271,497
P6272,957
P6273,886
P6274,557
P6275,753
P6276,511
P6277,629
P6278,852
P6279,900
P6280,796
P6281,53
P6282,125
P6283,311
P6284,151
P6285,538
P6286,819
P6287,672
P6288,975
P6289,170
P6290,88
P6291,389
P6292,897
P6293,263
P6294,802
P6295,878
P6296,444
P6297,824
P6298,268
P6299,302
P6300,801
P6301,303
P6302,891
P6303,811
P6304,237
P6305,426
P6306,827
P6307,661
P6308,299
P6309,285
P6310,925
P6311,556
P6312,786
P6313,453
P6314,336
P6315,756
P6316,140
P6317,229
P6318,442
P6319,542
P6320,450
P6321,449
P6322,941
P6323,623
P6324,397
P6325,373
P6326,310
P6327,398
P6328,746
P6329,165
P6330,435
P6331,405
P6332,192
P6333,502
P6334,725
P6335,992
P6336,655
P6337,365
P6338,889
P6339,916
P6340,547
P6341,310
P6342,535
P6343,700
P6344,74
P6345,273
P6346,646
P6347,346
P6348,636
P6349,118
P6350,738
P6351,79
P6352,529
P6353,330
P6354,858
P6355,283
P6356,920
P6357,703
P6358,83
P6359,158
P6360,267
P6361,401
P6362,643
P6363,877
P6364,445
P6365,305
P6366,226
P6367,182
P6368,123
P6369,505
P6370,581
P6371,644
P6372,83
P6373,511
P6374,626
P6375,795
P6376,360
P6377,999
P6378,353
P6379,889
P6380,158
P6381,615
P6382,441
P6383,781
P6384,419
P6385,934
P6386,685
P6387,239
P6388,385
P6389,526
P6390,658
P6391,210
P6392,76
P6393,333
P6394,873
P6395,236
P6396,540
P6397,665
P6398,364
P6399,404
P6400,786
P6401,739
P6402,562
P6403,270
P6404,976
P6405,937
P6406,51
P6407,682
P6408,803
P6409,88
P6410,294
P6411,505
P6412,251
P6413,455
P6414,216
P6415,317
P6416,319
P6417,916
P6418,477
P6419,830
P6420,59
P6421,716
P6422,725
P6423,95
P6424,562
P6425,321
P6426,602
P6427,63
P6428,675
P6429,390
P6430,655
P6431,750
P6432,850
P6433,981
P6434,588
P6435,421
P6436,831
P6437,844
P6438,323
P6439,763
P6440,216
P6441,350
P6442,703
P6443,546
P6444,301
P6445,304
P6446,721
P6447,538
P6448,144
P6449,711
P6450,565
P6451,185
P6452,901
P6453,369
P6454,992
P6455,148
P6456,124
P6457,70
P6458,409
P6459,727
P6460,213
P6461,366
P6462,759
P6463,501
P6464,901
P6465,229
P6466,646
P6467,346
P6468,263
P6469,442
P6470,451
P6471,247
P6472,247
P6473,699
P6474,462
P6475,599
P6476,964
P6477,157
P6478,85
P6479,676
P6480,735
P6481,121
P6482,419
P6483,673
P6484,288
P6485,919
P6486,960
P6487,305
P6488,313
P6489,167
P6490,827
P6491,980
P6492,373
P6493,840
P6494,515
P6495,303
P6496,483
P6497,983
P6498,654
P6499,996
P6500,973
P6501,608
P6502,253
P6503,315
P6504,975
P6505,932
P6506,851
P6507,848
P6508,556
P6509,551
P6510,257
P6511,254
P6512,902
P6513,485
P6514,741
P6515,792
P6516,100
P6517,477
P6518,818
P6519,995
P6520,255
P6521,390
P6522,878
P6523,808
P6524,899
P6525,955
P6526,891
P6527,686
P6528,227
P6529,325
P6530,257
P6531,58
P6532,511
P6533,788
P6534,159
P6535,501
P6536,94
P6537,56
P6538,783
P6539,579
P6540,780
P6541,399
P6542,583
P6543,762
P6544,676
P6545,926
P6546,934
P6547,181
P6548,718
P6549,423
P6550,698
P6551,896
P6552,110
P6553,97
P6554,573
P6555,103
P6556,391
P6557,404
P6558,964
P6559,656
P6560,188
P6561,376
P6562,756
P6563,788
P6564,560
P6565,627
P6566,310
P6567,961
P6568,738
P6569,154
P6570,775
P6571,540
P6572,908
P6573,306
P6574,65
P6575,360
P6576,375
P6577,592
P6578,553
P6579,828
P6580,805
P6581,498
P6582,540
P6583,649
P6584,799
P6585,515
P6586,246
P6587,214
P6588,128
P6589,87
P6590,60
P6591,294
P6592,450
P6593,519
P6594,626
P6595,167
P6596,959
P6597,149
P6598,354
P6599,660
P6600,420
P6601,563
P6602,427
P6603,919
P6604,950
P6605,72
P6606,609
P6607,899
P6608,56
P6609,971
P6610,596
P6611,668
P6612,845
P6613,203
P6614,670
P6615,60
P6616,588
P6617,982
P6618,673
P6619,925
P6620,813
P6621,144
P6622,255
P6623,921
P6624,734
P6625,722
P6626,96
P6627,125
P6628,245
P6629,907
P6630,318
P6631,515
P6632,783
P6633,264
P6634,376
P6635,276
P6636,556
P6637,522
P6638,212
P6639,742
P6640,915
P6641,587
P6642,106
P6643,709
P6644,321
P6645,708
P6646,155
P6647,556
P6648,717
P6649,390
P6650,631
P6651,199
P6652,116
P6653,803
P6654,887
P6655,282
P6656,970
P6657,741
P6658,900
P6659,731
P6660,369
P6661,189
P6662,246
P6663,962
P6664,404
P6665,218
P6666,828
P6667,369
P6668,935
P6669,180
P6670,391
P6671,439
P6672,594
P6673,546
P6674,109
P6675,246
P6676,455
P6677,761
P6678,559
P6679,57
P6680,718
P6681,437
P6682,270
P6683,630
P6684,67
P6685,178
P6686,434
P6687,324
P6688,948
P6689,895
P6690,973
P6691,889
P6692,506
P6693,50
P6694,690
P6695,901
P6696,326
P6697,198
P6698,82
P6699,462
P6700,628
P6701,959
P6702,335
P6703,210
P6704,310
P6705,535
P6706,96
P6707,514
P6708,634
P6709,403
P6710,109
P6711,88
P6712,373
P6713,125
P6714,600
P6715,357
P6716,126
P6717,439
P6718,648
P6719,309
P6720,131
P6721,571
P6722,206
P6723,896
P6724,992
P6725,949
P6726,261
P6727,768
P6728,660
P6729,578
P6730,847
P6731,534
P6732,497
P6733,410
P6734,665
P6735,268
P6736,61
P6737,770
P6738,847
P6739,362
P6740,144
P6741,821
P6742,277
P6743,374
P6744,160
P6745,537
P6746,958
P6747,871
P6748,757
P6749,251
P6750,900
P6751,504
P6752,851
P6753,590
P6754,109
P6755,721
P6756,585
P6757,537
P6758,713
P6759,919
P6760,124
P6761,948
P6762,156
P6763,913
P6764,869
P6765,516
P6766,417
P6767,821
P6768,155
P6769,555
P6770,860
P6771,285
P6772,774
P6773,902
P6774,376
P6775,993
P6776,764
P6777,530
P6778,399
P6779,404
P6780,164
P6781,925
P6782,947
P6783,645
P6784,231
P6785,343
P6786,885
P6787,377
P6788,883
P6789,384
P6790,910
P6791,142
P6792,566
P6793,661
P6794,600
P6795,383
P6796,831
P6797,633
P6798,925
P6799,776
P6800,332
P6801,521
P6802,593
P6803,296
P6804,606
P6805,689
P6806,348
P6807,346
P6808,948
P6809,238
P6810,820
P6811,748
P6812,990
P6813,776
P6814,207
P6815,196
P6816,898
P6817,260
P6818,375
P6819,350
P6820,576
P6821,91
P6822,664
P6823,978
P6824,457
P6825,89
P6826,296
P6827,136
P6828,840
P6829,474
P6830,371
P6831,499
P6832,919
P6833,550
P6834,398
P6835,619
P6836,527
P6837,563
P6838,328
P6839,555
P6840,605
P6841,664
P6842,190
P6843,398
P6844,216
P6845,917
P6846,141
P6847,340
P6848,679
P6849,732
P6850,215
P6851,685
P6852,383
P6853,137
P6854,302
P6855,181
P6856,557
P6857,201
P6858,762
P6859,334
P6860,502
P6861,493
P6862,298
P6863,897
P6864,542
P6865,826
P6866,204
P6867,628
P6868,407
P6869,679
P6870,628
P6871,162
P6872,68
P6873,79
P6874,158
P6875,391
P6876,289
P6877,402
P6878,757
P6879,288
P6880,271
P6881,93
P6882,651
P6883,481
P6884,858
P6885,666
P6886,338
P6887,75
P6888,770
P6889,360
P6890,647
P6891,948
P6892,465
P6893,486
P6894,386
P6895,926
P6896,724
P6897,86
P6898,635
P6899,238
P6900,811
P6901,468
P6902,777
P6903,466
P6904,75
P6905,290
P6906,354
P6907,174
P6908,65
P6909,782
P6910,199
P6911,676
P6912,761
P6913,822
P6914,236
P6915,830
P6916,270
P6917,252
P6918,342
P6919,669
P6920,356
P6921,963
P6922,648
P6923,126
P6924,240
P6925,563
P6926,359
P6927,90
P6928,471
P6929,222
P6930,356
P6931,772
P6932,930
P6933,866
P6934,319
P6935,492
P6936,471
P6937,212
P6938,783
P6939,717
P6940,381
P6941,454
P6942,285
P6943,675
P6944,535
P6945,662
P6946,216
P6947,885
P6948,216
P6949,280
P6950,992
P6951,808
P6952,481
P6953,596
P6954,397
P6955,531
P6956,845
P6957,411
P6958,470
P6959,708
P6960,274
P6961,85
P6962,245
P6963,307
P6964,471
P6965,437
P6966,664
P6967,647
P6968,303
P6969,114
P6970,498
P6971,996
P6972,860
P6973,333
P6974,959
P6975,59
P6976,136
P6977,639
P6978,633
P6979,135
P6980,533
P6981,922
P6982,822
P6983,1000
P6984,832
P6985,613
P6986,93
P6987,57
P6988,673
P6989,758
P6990,864
P6991,146
P6992,765
P6993,130
P6994,290
P6995,323
P6996,813
P6997,302
P6998,651
P6999,610
P7000,73
P7001,201
P7002,618
P7003,369
P7004,514
P7005,899
P7006,695
P7007,445
P7008,701
P7009,548
P7010,323
P7011,731
P7012,318
P7013,559
P7014,244
P7015,508
P7016,401
P7017,806
P7018,664
P7019,897
P7020,912
P7021,578
P7022,86
P7023,125
P7024,309
P7025,831
P7026,786
P7027,891
P7028,920
P7029,785
P7030,135
P7031,674
P7032,851
P7033,941
P7034,541
P7035,117
P7036,458
P7037,662
P7038,170
P7039,355
P7040,645
P7041,851
P7042,604
P7043,490
P7044,612
P7045,962
P7046,275
P7047,663
P7048,233
P7049,362
P7050,705
P7051,921
P7052,395
P7053,135
P7054,321
P7055,758
P7056,208
P7057,202
P7058,90
P7059,316
P7060,968
P7061,831
P7062,458
P7063,709
P7064,77
P7065,646
P7066,459
P7067,736
P7068,679
P7069,266
P7070,297
P7071,810
P7072,335
P7073,90
P7074,518
P7075,784
P7076,932
P7077,533
P7078,272
P7079,748
P7080,402
P7081,706
P7082,657
P7083,115
P7084,117
P7085,896
P7086,827
P7087,56
P7088,336
P7089,458
P7090,991
P7091,420
P7092,344
P7093,963
P7094,417
P7095,391
P7096,406
P7097,568
P7098,405
P7099,311
P7100,342
P7101,883
P7102,877
P7103,395
P7104,174
P7105,504
P7106,119
P7107,260
P7108,308
P7109,227
P7110,678
P7111,373
P7112,298
P7113,170
P7114,319
P7115,946
P7116,810
P7117,443
P7118,417
P7119,109
P7120,847
P7121,415
P7122,235
P7123,921
P7124,578
P7125,635
P7126,338
P7127,138
P7128,189
P7129,537
P7130,697
P7131,74
P7132,894
P7133,982
P7134,217
P7135,937
P7136,982
P7137,810
P7138,246
P7139,765
P7140,867
P7141,496
P7142,890
P7143,283
P7144,619
P7145,795
P7146,706
P7147,578
P7148,872
P7149,724
P7150,752
P7151,875
P7152,942
P7153,972
P7154,636
P7155,672
P7156,488
P7157,187
P7158,482
P7159,268
P7160,951
P7161,738
P7162,672
P7163,284
P7164,90
P7165,505
P7166,460
P7167,723
P7168,262
P7169,681
P7170,705
P7171,186
P7172,605
P7173,728
P7174,359
P7175,913
P7176,562
P7177,218
P7178,81
P7179,892
P7180,517
P7181,213
P7182,173
P7183,768
P7184,889
P7185,570
P7186,442
P7187,874
P7188,331
P7189,365
P7190,70
P7191,885
P7192,444
P7193,444
P7194,129
P7195,258
P7196,732
P7197,116
P7198,456
P7199,338
P7200,93
P7201,778
P7202,792
P7203,434
P7204,292
P7205,884
P7206,289
P7207,576
P7208,642
P7209,519
P7210,648
P7211,696
P7212,874
P7213,488
P7214,964
P7215,934
P7216,436
P7217,79
P7218,310
P7219,729
P7220,280
P7221,221
P7222,499
P7223,252
P7224,446
P7225,877
P7226,397
P7227,834
P7228,155
P7229,397
P7230,634
P7231,787
P7232,296
P7233,699
P7234,706
P7235,737
P7236,81
P7237,728
P7238,176
P7239,832
P7240,189
P7241,825
P7242,918
P7243,942
P7244,492
P7245,931
P7246,399
P7247,482
P7248,977
P7249,615
P7250,414
P7251,331
P7252,772
P7253,734
P7254,875
P7255,200
P7256,448
P7257,211
P7258,640
P7259,500
P7260,529
P7261,991
P7262,849
P7263,519
P7264,551
P7265,288
P7266,401
P7267,705
P7268,866
P7269,473
P7270,364
P7271,263
P7272,299
P7273,676
P7274,915
P7275,140
P7276,726
P7277,806
P7278,767
P7279,298
P7280,198
P7281,82
P7282,875
P7283,499
P7284,281
P7285,223
P7286,977
P7287,566
P7288,420
P7289,101
P7290,459
P7291,350
P7292,454
P7293,845
P7294,316
P7295,124
P7296,883
P7297,502
P7298,886
P7299,329
P7300,711
P7301,353
P7302,437
P7303,645
P7304,820
P7305,674
P7306,219
P7307,885
P7308,933
P7309,239
P7310,342
P7311,478
P7312,892
P7313,474
P7314,837
P7315,891
P7316,999
P7317,948
P7318,944
P7319,996
P7320,135
P7321,880
P7322,579
P7323,98
P7324,866
P7325,997
P7326,192
P7327,734
P7328,343
P7329,357
P7330,396
P7331,267
P7332,381
P7333,699
P7334,616
P7335,408
P7336,676
P7337,538
P7338,136
P7339,278
P7340,994
P7341,854
P7342,131
P7343,659
P7344,835
P7345,301
P7346,733
P7347,213
P7348,537
P7349,401
P7350,596
P7351,150
P7352,869
P7353,685
P7354,758
P7355,277
P7356,110
P7357,949
P7358,750
P7359,651
P7360,571
P7361,797
P7362,833
P7363,182
P7364,727
P7365,862
P7366,417
P7367,229
P7368,460
P7369,466
P7370,70
P7371,666
P7372,735
P7373,323
P7374,501
P7375,53
P7376,231
P7377,794
P7378,557
P7379,525
P7380,161
P7381,786
P7382,397
P7383,219
P7384,453
P7385,320
P7386,179
P7387,432
P7388,905
P7389,928
P7390,794
P7391,161
P7392,374
P7393,463
P7394,756
P7395,844
P7396,236
P7397,63
P7398,278
P7399,231
P7400,459
P7401,102
P7402,824
P7403,527
P7404,648
P7405,183
P7406,91
P7407,834
P7408,906
P7409,465
P7410,909
P7411,597
P7412,459
P7413,235
P7414,935
P7415,356
P7416,664
P7417,409
P7418,399
P7419,690
P7420,535
P7421,736
P7422,361
P7423,652
P7424,547
P7425,507
P7426,573
P7427,719
P7428,958
P7429,571
P7430,284
P7431,183
P7432,162
P7433,209
P7434,407
P7435,784
P7436,636
P7437,300
P7438,865
P7439,865
P7440,154
P7441,658
P7442,645
P7443,632
P7444,778
P7445,244
P7446,368
P7447,587
P7448,236
P7449,896
P7450,741
P7451,700
P7452,217
P7453,634
P7454,235
P7455,628
P7456,532
P7457,611
P7458,350
P7459,499
P7460,861
P7461,601
P7462,449
P7463,442
P7464,383
P7465,785
P7466,141
P7467,995
P7468,459
P7469,665
P7470,947
P7471,345
P7472,766
P7473,393
P7474,180
P7475,788
P7476,363
P7477,498
P7478,976
P7479,834
P7480,586
P7481,438
P7482,771
P7483,504
P7484,634
P7485,275
P7486,254
P7487,830
P7488,520
P7489,108
P7490,943
P7491,270
P7492,778
P7493,635
P7494,142
P7495,205
P7496,275
P7497,725
P7498,125
P7499,517
P7500,956
P7501,633
P7502,332
P7503,286
P7504,553
P7505,227
P7506,716
P7507,173
P7508,712
P7509,601
P7510,462
P7511,706
P7512,477
P7513,515
P7514,707
P7515,730
P7516,844
P7517,211
P7518,409
P7519,251
P7520,657
P7521,611
P7522,640
P7523,566
P7524,173
P7525,398
P7526,198
P7527,635
P7528,666
P7529,585
P7530,775
P7531,162
P7532,431
P7533,342
P7534,188
P7535,951
P7536,369
P7537,935
P7538,512
P7539,447
P7540,598
P7541,273
P7542,267
P7543,478
P7544,101
P7545,601
P7546,872
P7547,341
P7548,477
P7549,798
P7550,234
P7551,812
P7552,548
P7553,843
P7554,685
P7555,357
P7556,322
P7557,916
P7558,229
P7559,685
P7560,875
P7561,138
P7562,507
P7563,904
P7564,852
P7565,459
P7566,731
P7567,571
P7568,285
P7569,638
P7570,523
P7571,263
P7572,964
P7573,602
P7574,251
P7575,422
P7576,280
P7577,748
P7578,294
P7579,981
P7580,801
P7581,700
P7582,934
P7583,956
P7584,577
P7585,867
P7586,865
P7587,831
P7588,465
P7589,202
P7590,350
P7591,657
P7592,430
P7593,319
P7594,972
P7595,76
P7596,638
P7597,657
P7598,468
P7599,921
P7600,721
P7601,137
P7602,694
P7603,471
P7604,831
P7605,414
P7606,137
P7607,686
P7608,163
P7609,100
P7610,714
P7611,955
P7612,590
P7613,257
P7614,700
P7615,391
P7616,972
P7617,374
P7618,144
P7619,784
P7620,309
P7621,575
P7622,979
P7623,802
P7624,732
P7625,917
P7626,975
P7627,562
P7628,366
P7629,993
P7630,977
P7631,850
P7632,442
P7633,51
P7634,217
P7635,646
P7636,782
P7637,377
P7638,178
P7639,656
P7640,286
P7641,915
P7642,575
P7643,928
P7644,655
P7645,401
P7646,498
P7647,911
P7648,556
P7649,65
P7650,245
P7651,857
P7652,118
P7653,699
P7654,753
P7655,833
P7656,173
P7657,544
P7658,616
P7659,433
P7660,396
P7661,563
P7662,361
P7663,332
P7664,817
P7665,472
P7666,734
P7667,154
P7668,204
P7669,385
P7670,440
P7671,556
P7672,838
P7673,934
P7674,594
P7675,908
P7676,597
P7677,755
P7678,393
P7679,295
P7680,356
P7681,194
P7682,500
P7683,348
P7684,643
P7685,157
P7686,957
P7687,756
P7688,807
P7689,827
P7690,884
P7691,334
P7692,665
P7693,456
P7694,105
P7695,435
P7696,731
P7697,735
P7698,594
P7699,844
P7700,459
P7701,232
P7702,802
P7703,709
P7704,776
P7705,743
P7706,609
P7707,325
P7708,956
P7709,663
P7710,78
P7711,197
P7712,797
P7713,773
P7714,522
P7715,234
P7716,531
P7717,613
P7718,518
P7719,726
P7720,528
P7721,661
P7722,84
P7723,830
P7724,702
P7725,762
P7726,272
P7727,681
P7728,480
P7729,429
P7730,918
P7731,76
P7732,248
P7733,281
P7734,344
P7735,51
P7736,290
P7737,682
P7738,662
P7739,704
P7740,481
P7741,296
P7742,468
P7743,482
P7744,237
P7745,283
P7746,921
P7747,149
P7748,270
P7749,341
P7750,684
P7751,450
P7752,573
P7753,806
P7754,607
P7755,92
P7756,997
P7757,983
P7758,181
P7759,57
P7760,632
P7761,861
P7762,583
P7763,416
P7764,729
P7765,359
P7766,912
P7767,249
P7768,109
P7769,738
P7770,261
P7771,713
P7772,107
P7773,595
P7774,663
P7775,886
P7776,426
P7777,107
P7778,462
P7779,602
P7780,131
P7781,772
P7782,315
P7783,845
P7784,250
P7785,921
P7786,534
P7787,141
P7788,324
P7789,573
P7790,502
P7791,725
P7792,479
P7793,487
P7794,251
P7795,310
P7796,738
P7797,330
P7798,198
P7799,194
P7800,267
P7801,653
P7802,652
P7803,286
P7804,433
P7805,410
P7806,559
P7807,167
P7808,500
P7809,715
P7810,599
P7811,354
P7812,801
P7813,895
P7814,402
P7815,314
P7816,617
P7817,823
P7818,275
P7819,820
P7820,948
P7821,756
P7822,486
P7823,773
P7824,258
P7825,958
P7826,943
P7827,544
P7828,422
P7829,642
P7830,751
P7831,522
P7832,949
P7833,942
P7834,520
P7835,205
P7836,304
P7837,159
P7838,141
P7839,376
P7840,945
P7841,835
P7842,432
P7843,249
P7844,797
P7845,63
P7846,609
P7847,106
P7848,315
P7849,553
P7850,545
P7851,707
P7852,711
P7853,698
P7854,978
P7855,529
P7856,174
P7857,226
P7858,249
P7859,920
P7860,490
P7861,264
P7862,590
P7863,240
P7864,380
P7865,736
P7866,636
P7867,440
P7868,381
P7869,956
P7870,678
P7871,735
P7872,146
P7873,404
P7874,858
P7875,727
P7876,127
P7877,991
P7878,973
P7879,632
P7880,588
P7881,764
P7882,407
P7883,752
P7884,473
P7885,719
P7886,514
P7887,274
P7888,788
P7889,354
P7890,944
P7891,226
P7892,902
P7893,734
P7894,79
P7895,252
P7896,307
P7897,235
P7898,68
P7899,994
P7900,821
P7901,903
P7902,134
P7903,378
P7904,670
P7905,891
P7906,561
P7907,954
P7908,907
P7909,854
P7910,347
P7911,456
P7912,71
P7913,210
P7914,823
P7915,690
P7916,834
P7917,768
P7918,611
P7919,429
P7920,553
P7921,695
P7922,319
P7923,384
P7924,300
P7925,189
P7926,498
P7927,802
P7928,170
P7929,968
P7930,222
P7931,721
P7932,123
P7933,566
P7934,949
P7935,184
P7936,770
P7937,801
P7938,481
P7939,341
P7940,476
P7941,355
P7942,581
P7943,965
P7944,637
P7945,809
P7946,984
P7947,503
P7948,743
P7949,608
P7950,658
P7951,374
P7952,189
P7953,891
P7954,741
P7955,426
P7956,361
P7957,900
P7958,724
P7959,250
P7960,449
P7961,514
P7962,58
P7963,783
P7964,85
P7965,652
P7966,279
P7967,464
P7968,498
P7969,79
P7970,360
P7971,538
P7972,606
P7973,63
P7974,719
P7975,525
P7976,139
P7977,385
P7978,124
P7979,547
P7980,429
P7981,1000
P7982,724
P7983,170
P7984,297
P7985,941
P7986,215
P7987,76
P7988,214
P7989,510
P7990,619
P7991,649
P7992,89
P7993,593
P7994,954
P7995,611
P7996,308
P7997,825
P7998,633
P7999,129
P8000,913
P8001,159
P8002,727
P8003,776
P8004,949
P8005,542
P8006,135
P8007,718
P8008,745
P8009,113
P8010,784
P8011,194
P8012,616
P8013,467
P8014,69
P8015,370
P8016,401
P8017,926
P8018,926
P8019,572
P8020,655
P8021,233
P8022,544
P8023,579
P8024,456
P8025,194
P8026,115
P8027,140
P8028,443
P8029,751
P8030,397
P8031,902
P8032,989
P8033,410
P8034,91
P8035,816
P8036,243
P8037,663
P8038,158
P8039,415
P8040,157
P8041,558
P8042,124
P8043,913
P8044,1000
P8045,85
P8046,986
P8047,251
P8048,550
P8049,121
P8050,921
P8051,167
P8052,719
P8053,299
P8054,874
P8055,449
P8056,795
P8057,826
P8058,235
P8059,307
P8060,190
P8061,456
P8062,673
P8063,944
P8064,233
P8065,630
P8066,958
P8067,584
P8068,375
P8069,784
P8070,699
P8071,488
P8072,585
P8073,540
P8074,820
P8075,175
P8076,651
P8077,531
P8078,472
P8079,797
P8080,801
P8081,385
P8082,292
P8083,57
P8084,950
P8085,347
P8086,445
P8087,137
P8088,863
P8089,629
P8090,497
P8091,481
P8092,282
P8093,684
P8094,701
P8095,786
P8096,115
P8097,530
P8098,908
P8099,714
P8100,79
P8101,535
P8102,383
P8103,839
P8104,847
P8105,284
P8106,735
P8107,350
P8108,453
P8109,516
P8110,114
P8111,208
P8112,643
P8113,180
P8114,377
P8115,489
P8116,465
P8117,934
P8118,680
P8119,351
P8120,345
P8121,408
P8122,703
P8123,319
P8124,361
P8125,466
P8126,514
P8127,980
P8128,681
P8129,638
P8130,144
P8131,627
P8132,757
P8133,943
P8134,673
P8135,871
P8136,954
P8137,801
P8138,884
P8139,201
P8140,76
P8141,953
P8142,613
P8143,280
P8144,960
P8145,400
P8146,466
P8147,808
P8148,371
P8149,110
P8150,155
P8151,370
P8152,892
P8153,974
P8154,564
P8155,787
P8156,524
P8157,429
P8158,900
P8159,171
P8160,550
P8161,408
P8162,434
P8163,904
P8164,110
P8165,355
P8166,137
P8167,281
P8168,574
P8169,576
P8170,416
P8171,760
P8172,620
P8173,284
P8174,652
P8175,318
P8176,681
P8177,956
P8178,965
P8179,542
P8180,773
P8181,683
P8182,983
P8183,245
P8184,355
P8185,661
P8186,449
P8187,657
P8188,214
P8189,841
P8190,477
P8191,610
P8192,591
P8193,742
P8194,734
P8195,395
P8196,996
P8197,870
P8198,400
P8199,724
P8200,183
P8201,899
P8202,236
P8203,789
P8204,250
P8205,209
P8206,59
P8207,64
P8208,589
P8209,243
P8210,582
P8211,84
P8212,880
P8213,274
P8214,994
P8215,253
P8216,179
P8217,611
P8218,667
P8219,80
P8220,852
P8221,933
P8222,318
P8223,947
P8224,227
P8225,898
P8226,814
P8227,862
P8228,186
P8229,671
P8230,386
P8231,341
P8232,74
P8233,276
P8234,777
P8235,857
P8236,951
P8237,661
P8238,338
P8239,1000
P8240,870
P8241,113
P8242,685
P8243,550
P8244,612
P8245,872
P8246,937
P8247,520
P8248,878
P8249,406
P8250,401
P8251,824
P8252,179
P8253,770
P8254,422
P8255,394
P8256,203
P8257,919
P8258,526
P8259,146
P8260,436
P8261,551
P8262,287
P8263,168
P8264,343
P8265,396
P8266,99
P8267,582
P8268,719
P8269,677
P8270,89
P8271,566
P8272,407
P8273,116
P8274,892
P8275,326
P8276,300
P8277,536
P8278,905
P8279,979
P8280,148
P8281,569
P8282,541
P8283,885
P8284,624
P8285,544
P8286,731
P8287,820
P8288,651
P8289,224
P8290,490
P8291,710
P8292,817
P8293,396
P8294,898
P8295,534
P8296,61
P8297,726
P8298,163
P8299,388
P8300,101
P8301,148
P8302,238
P8303,672
P8304,558
P8305,131
P8306,675
P8307,279
P8308,843
P8309,779
P8310,474
P8311,72
P8312,632
P8313,964
P8314,580
P8315,645
P8316,781
P8317,349
P8318,756
P8319,497
P8320,267
P8321,843
P8322,820
P8323,228
P8324,195
P8325,572
P8326,69
P8327,287
P8328,616
P8329,64
P8330,934
P8331,978
P8332,842
P8333,118
P8334,1000
P8335,976
P8336,63
P8337,908
P8338,676
P8339,158
P8340,929
P8341,686
P8342,709
P8343,390
P8344,923
P8345,631
P8346,962
P8347,946
P8348,70
P8349,426
P8350,863
P8351,564
P8352,983
P8353,693
P8354,996
P8355,856
P8356,518
P8357,898
P8358,887
P8359,101
P8360,892
P8361,675
P8362,792
P8363,844
P8364,854
P8365,634
P8366,772
P8367,897
P8368,508
P8369,362
P8370,511
P8371,951
P8372,753
P8373,109
P8374,566
P8375,574
P8376,208
P8377,243
P8378,278
P8379,640
P8380,554
P8381,736
P8382,167
P8383,557
P8384,905
P8385,310
P8386,132
P8387,133
P8388,247
P8389,284
P8390,199
P8391,606
P8392,318
P8393,372
P8394,318
P8395,887
P8396,61
P8397,338
P8398,292
P8399,161
P8400,654
P8401,652
P8402,932
P8403,333
P8404,84
P8405,508
P8406,347
P8407,581
P8408,690
P8409,539
P8410,727
P8411,815
P8412,685
P8413,671
P8414,521
P8415,89
P8416,381
P8417,561
P8418,545
P8419,376
P8420,257
P8421,280
P8422,346
P8423,264
P8424,640
P8425,114
P8426,164
P8427,886
P8428,280
P8429,65
P8430,970
P8431,521
P8432,243
P8433,272
P8434,206
P8435,527
P8436,722
P8437,977
P8438,303
P8439,410
P8440,609
P8441,178
P8442,541
P8443,167
P8444,475
P8445,375
P8446,92
P8447,938
P8448,749
P8449,267
P8450,457
P8451,679
P8452,293
P8453,393
P8454,663
P8455,427
P8456,531
P8457,910
P8458,400
P8459,949
P8460,786
P8461,898
P8462,894
P8463,939
P8464,549
P8465,210
P8466,856
P8467,560
P8468,99
P8469,830
P8470,159
P8471,875
P8472,434
P8473,680
P8474,537
P8475,200
P8476,937
P8477,942
P8478,655
P8479,813
P8480,197
P8481,1000
P8482,253
P8483,737
P8484,797
P8485,163
P8486,644
P8487,601
P8488,584
P8489,515
P8490,548
P8491,813
P8492,248
P8493,105
P8494,828
P8495,167
P8496,150
P8497,949
P8498,872
P8499,386
P8500,992
P8501,581
P8502,368
P8503,783
P8504,743
P8505,387
P8506,542
P8507,265
P8508,965
P8509,996
P8510,679
P8511,743
P8512,738
P8513,129
P8514,307
P8515,678
P8516,581
P8517,191
P8518,547
P8519,393
P8520,793
P8521,842
P8522,111
P8523,965
P8524,126
P8525,402
P8526,53
P8527,275
P8528,995
P8529,139
P8530,914
P8531,542
P8532,271
P8533,186
P8534,944
P8535,295
P8536,585
P8537,92
P8538,315
P8539,819
P8540,882
P8541,143
P8542,515
P8543,682
P8544,159
P8545,159
P8546,255
P8547,247
P8548,313
P8549,85
P8550,350
P8551,763
P8552,725
P8553,391
P8554,808
P8555,104
P8556,934
P8557,416
P8558,662
P8559,876
P8560,644
P8561,502
P8562,353
P8563,282
P8564,229
P8565,395
P8566,548
P8567,793
P8568,225
P8569,581
P8570,267
P8571,149
P8572,850
P8573,761
P8574,963
P8575,887
P8576,443
P8577,329
P8578,940
P8579,935
P8580,525
P8581,651
P8582,710
P8583,652
P8584,229
P8585,721
P8586,85
P8587,200
P8588,359
P8589,277
P8590,899
P8591,291
P8592,578
P8593,151
P8594,345
P8595,352
P8596,412
P8597,869
P8598,821
P8599,608
P8600,432
P8601,514
P8602,599
P8603,217
P8604,481
P8605,479
P8606,921
P8607,538
P8608,344
P8609,594
P8610,417
P8611,398
P8612,805
P8613,509
P8614,403
P8615,906
P8616,612
P8617,229
P8618,796
P8619,716
P8620,774
P8621,585
P8622,373
P8623,150
P8624,216
P8625,709
P8626,383
P8627,497
P8628,53
P8629,553
P8630,598
P8631,221
P8632,579
P8633,930
P8634,711
P8635,192
P8636,269
P8637,662
P8638,650
P8639,81
P8640,758
P8641,270
P8642,906
P8643,506
P8644,412
P8645,290
P8646,934
P8647,771
P8648,363
P8649,78
P8650,822
P8651,519
P8652,332
P8653,539
P8654,651
P8655,591
P8656,166
P8657,452
P8658,930
P8659,247
P8660,902
P8661,595
P8662,520
P8663,150
P8664,592
P8665,310
P8666,318
P8667,994
P8668,581
P8669,793
P8670,483
P8671,383
P8672,122
P8673,149
P8674,199
P8675,790
P8676,610
P8677,964
P8678,920
P8679,950
P8680,425
P8681,505
P8682,920
P8683,142
P8684,259
P8685,613
P8686,673
P8687,606
P8688,279
P8689,106
P8690,912
P8691,404
P8692,333
P8693,318
P8694,948
P8695,320
P8696,791
P8697,669
P8698,282
P8699,528
P8700,488
P8701,667
P8702,115
P8703,705
P8704,957
P8705,467
P8706,868
P8707,249
P8708,448
P8709,288
P8710,414
P8711,178
P8712,101
P8713,461
P8714,720
P8715,861
P8716,528
P8717,128
P8718,55
P8719,754
P8720,602
P8721,410
P8722,239
P8723,399
P8724,704
P8725,406
P8726,208
P8727,721
P8728,565
P8729,812
P8730,372
P8731,915
P8732,332
P8733,460
P8734,785
P8735,591
P8736,907
P8737,501
P8738,727
P8739,785
P8740,82
P8741,512
P8742,443
P8743,537
P8744,785
P8745,441
P8746,464
P8747,569
P8748,798
P8749,121
P8750,531
P8751,898
P8752,802
P8753,811
P8754,323
P8755,374
P8756,329
P8757,187
P8758,338
P8759,459
P8760,442
P8761,613
P8762,256
P8763,425
P8764,276
P8765,118
P8766,97
P8767,793
P8768,993
P8769,569
P8770,144
P8771,210
P8772,365
P8773,230
P8774,674
P8775,325
P8776,234
P8777,338
P8778,715
P8779,973
P8780,971
P8781,177
P8782,180
P8783,413
P8784,491
P8785,383
P8786,994
P8787,602
P8788,520
P8789,921
P8790,911
P8791,727
P8792,730
P8793,435
P8794,676
P8795,882
P8796,726
P8797,624
P8798,310
P8799,542
P8800,152
P8801,424
P8802,630
P8803,170
P8804,624
P8805,956
P8806,712
P8807,410
P8808,587
P8809,490
P8810,307
P8811,114
P8812,731
P8813,570
P8814,940
P8815,194
P8816,199
P8817,510
P8818,801
P8819,429
P8820,278
P8821,678
P8822,811
P8823,887
P8824,340
P8825,406
P8826,534
P8827,63
P8828,952
P8829,413
P8830,439
P8831,677
P8832,519
P8833,798
P8834,517
P8835,510
P8836,760
P8837,671
P8838,413
P8839,593
P8840,111
P8841,342
P8842,603
P8843,657
P8844,848
P8845,996
P8846,576
P8847,327
P8848,819
P8849,341
P8850,663
P8851,281
P8852,258
P8853,383
P8854,559
P8855,72
P8856,440
P8857,682
P8858,456
P8859,230
P8860,811
P8861,644
P8862,645
P8863,574
P8864,803
P8865,880
P8866,177
P8867,312
P8868,210
P8869,539
P8870,985
P8871,880
P8872,375
P8873,399
P8874,711
P8875,81
P8876,419
P8877,736
P8878,632
P8879,950
P8880,254
P8881,768
P8882,398
P8883,858
P8884,554
P8885,933
P8886,911
P8887,873
P8888,377
P8889,883
P8890,620
P8891,185
P8892,900
P8893,373
P8894,907
P8895,269
P8896,212
P8897,513
P8898,188
P8899,736
P8900,239
P8901,363
P8902,97
P8903,812
P8904,784
P8905,596
P8906,251
P8907,422
P8908,815
P8909,783
P8910,573
P8911,334
P8912,133
P8913,897
P8914,915
P8915,463
P8916,944
P8917,715
P8918,224
P8919,955
P8920,90
P8921,690
P8922,225
P8923,837
P8924,427
P8925,660
P8926,704
P8927,755
P8928,370
P8929,869
P8930,288
P8931,547
P8932,57
P8933,98
P8934,200
P8935,388
P8936,589
P8937,945
P8938,891
P8939,127
P8940,161
P8941,634
P8942,905
P8943,692
P8944,607
P8945,102
P8946,660
P8947,90
P8948,950
P8949,597
P8950,375
P8951,163
P8952,492
P8953,207
P8954,466
P8955,239
P8956,386
P8957,882
P8958,409
P8959,169
P8960,853
P8961,608
P8962,842
P8963,645
P8964,462
P8965,612
P8966,136
P8967,982
P8968,86
P8969,336
P8970,853
P8971,929
P8972,170
P8973,989
P8974,204
P8975,486
P8976,267
P8977,764
P8978,630
P8979,826
P8980,828
P8981,590
P8982,622
P8983,598
P8984,667
P8985,651
P8986,121
P8987,756
P8988,694
P8989,333
P8990,461
P8991,957
P8992,103
P8993,397
P8994,305
P8995,812
P8996,634
P8997,172
P8998,550
P8999,377
P9000,431
P9001,295
P9002,175
P9003,233
P9004,204
P9005,600
P9006,688
P9007,738
P9008,981
P9009,288
P9010,90
P9011,507
P9012,117
P9013,539
P9014,434
P9015,640
P9016,279
P9017,696
P9018,909
P9019,728
P9020,675
P9021,323
P9022,450
P9023,423
P9024,710
P9025,678
P9026,397
P9027,179
P9028,443
P9029,630
P9030,184
P9031,140
P9032,579
P9033,692
P9034,352
P9035,296
P9036,337
P9037,854
P9038,977
P9039,739
P9040,525
P9041,430
P9042,520
P9043,913
P9044,74
P9045,360
P9046,925
P9047,345
P9048,124
P9049,534
P9050,516
P9051,910
P9052,224
P9053,895
P9054,745
P9055,520
P9056,687
P9057,678
P9058,310
P9059,77
P9060,910
P9061,911
P9062,533
P9063,118
P9064,180
P9065,244
P9066,421
P9067,397
P9068,944
P9069,887
P9070,458
P9071,440
P9072,182
P9073,251
P9074,386
P9075,228
P9076,144
P9077,800
P9078,634
P9079,860
P9080,820
P9081,143
P9082,73
P9083,190
P9084,304
P9085,417
P9086,672
P9087,425
P9088,436
P9089,757
P9090,766
P9091,795
P9092,661
P9093,577
P9094,897
P9095,693
P9096,569
P9097,543
P9098,287
P9099,520
P9100,477
P9101,538
P9102,107
P9103,81
P9104,630
P9105,933
P9106,529
P9107,355
P9108,287
P9109,449
P9110,862
P9111,70
P9112,381
P9113,964
P9114,258
P9115,178
P9116,967
P9117,426
P9118,562
P9119,772
P9120,512
P9121,528
P9122,410
P9123,108
P9124,395
P9125,87
P9126,155
P9127,64
P9128,876
P9129,727
P9130,993
P9131,593
P9132,992
P9133,743
P9134,75
P9135,945
P9136,642
P9137,921
P9138,958
P9139,538
P9140,927
P9141,207
P9142,424
P9143,943
P9144,354
P9145,813
P9146,465
P9147,631
P9148,939
P9149,496
P9150,66
P9151,573
P9152,439
P9153,952
P9154,442
P9155,383
P9156,423
P9157,887
P9158,997
P9159,563
P9160,216
P9161,179
P9162,295
P9163,919
P9164,340
P9165,516
P9166,664
P9167,933
P9168,931
P9169,992
P9170,841
P9171,381
P9172,801
P9173,988
P9174,789
P9175,577
P9176,236
P9177,585
P9178,997
P9179,158
P9180,757
P9181,223
P9182,907
P9183,721
P9184,351
P9185,719
P9186,285
P9187,565
P9188,293
P9189,482
P9190,138
P9191,193
P9192,636
P9193,136
P9194,579
P9195,320
P9196,772
P9197,557
P9198,504
P9199,180
P9200,972
P9201,981
P9202,959
P9203,641
P9204,281
P9205,353
P9206,208
P9207,557
P9208,875
P9209,590
P9210,1000
P9211,826
P9212,832
P9213,346
P9214,848
P9215,852
P9216,930
P9217,255
P9218,111
P9219,261
P9220,885
P9221,704
P9222,123
P9223,531
P9224,314
P9225,176
P9226,537
P9227,570
P9228,83
P9229,744
P9230,665
P9231,409
P9232,444
P9233,233
P9234,702
P9235,353
P9236,210
P9237,282
P9238,785
P9239,112
P9240,832
P9241,165
P9242,560
P9243,553
P9244,759
P9245,278
P9246,126
P9247,111
P9248,663
P9249,563
P9250,598
P9251,837
P9252,307
P9253,759
P9254,173
P9255,597
P9256,216
P9257,510
P9258,484
P9259,542
P9260,704
P9261,566
P9262,956
P9263,743
P9264,732
P9265,884
P9266,545
P9267,270
P9268,151
P9269,300
P9270,268
P9271,250
P9272,337
P9273,521
P9274,481
P9275,316
P9276,255
P9277,823
P9278,111
P9279,623
P9280,745
P9281,931
P9282,56
P9283,948
P9284,316
P9285,141
P9286,542
P9287,692
P9288,786
P9289,519
P9290,915
P9291,405
P9292,422
P9293,465
P9294,405
P9295,362
P9296,406
P9297,880
P9298,434
P9299,990
P9300,533
P9301,696
P9302,749
P9303,812
P9304,161
P9305,457
P9306,928
P9307,760
P9308,462
P9309,472
P9310,821
P9311,723
P9312,444
P9313,534
P9314,59
P9315,305
P9316,376
P9317,825
P9318,251
P9319,961
P9320,524
P9321,493
P9322,294
P9323,181
P9324,629
P9325,984
P9326,933
P9327,541
P9328,735
P9329,984
P9330,226
P9331,563
P9332,461
P9333,719
P9334,800
P9335,960
P9336,886
P9337,948
P9338,462
P9339,298
P9340,508
P9341,92
P9342,540
P9343,309
P9344,462
P9345,787
P9346,71
P9347,632
P9348,529
P9349,696
P9350,597
P9351,122
P9352,74
P9353,589
P9354,878
P9355,890
P9356,909
P9357,735
P9358,720
P9359,962
P9360,406
P9361,288
P9362,655
P9363,269
P9364,554
P9365,242
P9366,731
P9367,540
P9368,958
P9369,553
P9370,291
P9371,611
P9372,719
P9373,477
P9374,441
P9375,768
P9376,501
P9377,109
P9378,288
P9379,810
P9380,219
P9381,700
P9382,545
P9383,319
P9384,696
P9385,794
P9386,472
P9387,580
P9388,483
P9389,266
P9390,951
P9391,319
P9392,277
P9393,465
P9394,498
P9395,920
P9396,321
P9397,776
P9398,277
P9399,717
P9400,78
P9401,734
P9402,689
P9403,464
P9404,341
P9405,875
P9406,594
P9407,491
P9408,192
P9409,717
P9410,312
P9411,890
P9412,879
P9413,182
P9414,329
P9415,184
P9416,563
P9417,681
P9418,429
P9419,485
P9420,696
P9421,768
P9422,853
P9423,88
P9424,268
P9425,226
P9426,681
P9427,352
P9428,710
P9429,757
P9430,275
P9431,998
P9432,188
P9433,814
P9434,764
P9435,990
P9436,250
P9437,767
P9438,611
P9439,778
P9440,106
P9441,71
P9442,808
P9443,309
P9444,500
P9445,540
P9446,800
P9447,173
P9448,863
P9449,378
P9450,212
P9451,305
P9452,92
P9453,397
P9454,340
P9455,699
P9456,338
P9457,536
P9458,464
P9459,951
P9460,88
P9461,616
P9462,663
P9463,355
P9464,94
P9465,216
P9466,91
P9467,393
P9468,947
P9469,341
P9470,830
P9471,342
P9472,617
P9473,525
P9474,217
P9475,356
P9476,352
P9477,128
P9478,913
P9479,635
P9480,948
P9481,354
P9482,157
P9483,90
P9484,400
P9485,96
P9486,313
P9487,711
P9488,208
P9489,299
P9490,762
P9491,821
P9492,679
P9493,767
P9494,444
P9495,254
P9496,480
P9497,495
P9498,119
P9499,275
P9500,69
P9501,900
P9502,377
P9503,441
P9504,289
P9505,860
P9506,364
P9507,396
P9508,147
P9509,798
P9510,257
P9511,345
P9512,713
P9513,908
P9514,180
P9515,997
P9516,617
P9517,326
P9518,132
P9519,214
P9520,924
P9521,390
P9522,438
P9523,770
P9524,375
P9525,737
P9526,479
P9527,366
P9528,875
P9529,358
P9530,642
P9531,930
P9532,145
P9533,99
P9534,576
P9535,663
P9536,818
P9537,981
P9538,353
P9539,440
P9540,349
P9541,676
P9542,640
P9543,149
P9544,756
P9545,474
P9546,851
P9547,522
P9548,303
P9549,134
P9550,66
P9551,400
P9552,418
P9553,351
P9554,225
P9555,808
P9556,357
P9557,691
P9558,911
P9559,96
P9560,811
P9561,903
P9562,393
P9563,376
P9564,363
P9565,549
P9566,761
P9567,532
P9568,969
P9569,174
P9570,698
P9571,639
P9572,440
P9573,873
P9574,138
P9575,346
P9576,887
P9577,700
P9578,276
P9579,731
P9580,530
P9581,922
P9582,703
P9583,469
P9584,518
P9585,828
P9586,804
P9587,998
P9588,69
P9589,684
P9590,758
P9591,272
P9592,612
P9593,236
P9594,989
P9595,186
P9596,578
P9597,261
P9598,415
P9599,558
P9600,129
P9601,381
P9602,660
P9603,350
P9604,322
P9605,594
P9606,373
P9607,744
P9608,524
P9609,561
P9610,792
P9611,306
P9612,813
P9613,88
P9614,648
P9615,916
P9616,813
P9617,701
P9618,625
P9619,245
P9620,595
P9621,59
P9622,311
P9623,483
P9624,394
P9625,658
P9626,123
P9627,135
P9628,685
P9629,767
P9630,790
P9631,540
P9632,713
P9633,989
P9634,728
P9635,195
P9636,929
P9637,386
P9638,268
P9639,446
P9640,425
P9641,483
P9642,843
P9643,256
P9644,629
P9645,82
P9646,890
P9647,611
P9648,186
P9649,95
P9650,565
P9651,479
P9652,772
P9653,72
P9654,186
P9655,624
P9656,436
P9657,117
P9658,259
P9659,664
P9660,90
P9661,103
P9662,163
P9663,381
P9664,476
P9665,663
P9666,114
P9667,548
P9668,142
P9669,676
P9670,69
P9671,130
P9672,94
P9673,138
P9674,372
P9675,625
P9676,452
P9677,763
P9678,625
P9679,634
P9680,615
P9681,59
P9682,220
P9683,752
P9684,620
P9685,932
P9686,764
P9687,575
P9688,914
P9689,296
P9690,354
P9691,922
P9692,192
P9693,166
P9694,839
P9695,899
P9696,757
P9697,171
P9698,227
P9699,70
P9700,835
P9701,103
P9702,571
P9703,837
P9704,781
P9705,455
P9706,778
P9707,775
P9708,862
P9709,208
P9710,109
P9711,617
P9712,439
P9713,501
P9714,400
P9715,279
P9716,303
P9717,189
P9718,311
P9719,167
P9720,339
P9721,923
P9722,299
P9723,656
P9724,722
P9725,522
P9726,557
P9727,349
P9728,803
P9729,439
P9730,101
P9731,965
P9732,759
P9733,959
P9734,481
P9735,485
P9736,303
P9737,853
P9738,446
P9739,527
P9740,533
P9741,128
P9742,254
P9743,795
P9744,215
P9745,887
P9746,667
P9747,512
P9748,300
P9749,180
P9750,959
P9751,809
P9752,162
P9753,978
P9754,259
P9755,151
P9756,658
P9757,79
P9758,297
P9759,299
P9760,147
P9761,755
P9762,599
P9763,265
P9764,826
P9765,961
P9766,707
P9767,943
P9768,384
P9769,141
P9770,71
P9771,903
P9772,56
P9773,715
P9774,284
P9775,334
P9776,697
P9777,837
P9778,833
P9779,948
P9780,127
P9781,148
P9782,276
P9783,227
P9784,796
P9785,679
P9786,574
P9787,378
P9788,718
P9789,657
P9790,728
P9791,534
P9792,457
P9793,576
P9794,485
P9795,84
P9796,997
P9797,645
P9798,555
P9799,328
P9800,801
P9801,459
P9802,704
P9803,846
P9804,390
P9805,873
P9806,281
P9807,58
P9808,232
P9809,486
P9810,103
P9811,79
P9812,91
P9813,367
P9814,140
P9815,712
P9816,522
P9817,646
P9818,306
P9819,139
P9820,86
P9821,391
P9822,91
P9823,879
P9824,757
P9825,778
P9826,1000
P9827,835
P9828,375
P9829,614
P9830,576
P9831,987
P9832,612
P9833,445
P9834,154
P9835,752
P9836,347
P9837,110
P9838,648
P9839,657
P9840,457
P9841,156
P9842,950
P9843,167
P9844,738
P9845,738
P9846,138
P9847,636
P9848,487
P9849,516
P9850,263
P9851,908
P9852,321
P9853,613
P9854,757
P9855,409
P9856,446
P9857,372
P9858,769
P9859,326
P9860,501
P9861,341
P9862,806
P9863,264
P9864,923
P9865,333
P9866,80
P9867,361
P9868,349
P9869,777
P9870,434
P9871,483
P9872,461
P9873,58
P9874,776
P9875,285
P9876,361
P9877,686
P9878,552
P9879,871
P9880,201
P9881,218
P9882,680
P9883,411
P9884,166
P9885,507
P9886,621
P9887,764
P9888,203
P9889,820
P9890,565
P9891,165
P9892,985
P9893,366
P9894,122
P9895,221
P9896,917
P9897,967
P9898,416
P9899,278
P9900,130
P9901,615
P9902,970
P9903,763
P9904,319
P9905,798
P9906,535
P9907,467
P9908,342
P9909,984
P9910,706
P9911,861
P9912,73
P9913,927
P9914,549
P9915,240
P9916,633
P9917,672
P9918,87
P9919,522
P9920,76
P9921,558
P9922,831
P9923,183
P9924,620
P9925,724
P9926,400
P9927,55
P9928,155
P9929,908
P9930,925
P9931,434
P9932,426
P9933,977
P9934,832
P9935,797
P9936,572
P9937,114
P9938,540
P9939,177
P9940,205
P9941,475
P9942,381
P9943,823
P9944,869
P9945,275
P9946,506
P9947,582
P9948,717
P9949,153
P9950,552
P9951,223
P9952,186
P9953,554
P9954,122
P9955,305
P9956,764
P9957,467
P9958,645
P9959,660
P9960,811
P9961,265
P9962,569
P9963,255
P9964,788
P9965,729
P9966,342
P9967,346
P9968,422
P9969,630
P9970,72
P9971,745
P9972,511
P9973,696
P9974,234
P9975,658
P9976,681
P9977,354
P9978,371
P9979,474
P9980,908
P9981,57
P9982,748
P9983,692
P9984,261
P9985,952
P9986,988
P9987,961
P9988,521
P9989,364
P9990,945
P9991,956
P9992,827
P9993,667
P9994,276
P9995,429
P9996,555
P9997,878
P9998,549
P9999,514
P10000,979
